_id,FirstName,LastName,Email,phone,Empid,Password,Designation,DOJ,Role,__v
660bc6a82e1f83fa6a79fc50,Vivie,Eisak,Emp_17veisakh@timesonline.co.uk,2397729569,Emp_17,mO1%u~wK*=,Machine Learning Engineer,29-03-2005,User,
660bc6a82e1f83fa6a79fc5b,Kata,Creasy,Emp_28kcreasys@oakley.com,9052648270,Emp_28,kC7%`E\y/%$UG7,Release Manager,8/5/2015,User,
660bc6a82e1f83fa6a79fc56,Britteny,Lannen,Emp_23blannenn@china.com.cn,2409367738,Emp_23,"cS8@,/'e\EL\~",Cloud Solutions Architect,7/9/2006,User,
660bc6a82e1f83fa6a79fc43,Gwendolen,Whorall,Emp_4gwhorall4@dot.gov,3441277793,Emp_4,uJ6?d~@.Z#.{,Software Engineer,11/7/2013,User,
660bc6a82e1f83fa6a79fc5a,Robert,Danzey,Emp_27rdanzeyr@slideshare.net,2176634659,Emp_27,vW7=Jtsg?DAlQ},Machine Learning Engineer,8/5/2013,User,
660bc6a82e1f83fa6a79fc78,Issi,Chamberlen,Emp_57ichamberlen1l@vk.com,7935134014,Emp_57,vW0$J!g7X>b1F|,Database Administrator (DBA),20-10-2014,User,
660bc6a82e1f83fa6a79fc7e,Caitlin,Bluck,Emp_63cbluck1r@surveymonkey.com,5357492412,Emp_63,"cL6""Qj#>%",Business Analyst,1/6/2003,User,
660bc6a82e1f83fa6a79fc87,Cesya,Huke,Emp_72chuke20@blogs.com,9612103611,Emp_72,cO6'HPN.K~WvzCmG,Software Engineer,11/9/2017,User,
660bc6a82e1f83fa6a79fcbf,Ashil,Papps,Emp_128apapps3k@hibu.com,5028824303,Emp_128,bX7`GE#`Smx3Od~,Quality Assurance Engineer (QA Engineer),2/11/2000,User,
660bc6a82e1f83fa6a79fcca,Shandra,Petrushanko,Emp_139spetrushanko3v@answers.com,1264533902,Emp_139,tU9}n<xT%`P,IT Support Engineer,21-06-2018,User,
660bc6a82e1f83fa6a79fccd,Lorilee,Fitzroy,Emp_142lfitzroy3y@berkeley.edu,7931335340,Emp_142,iQ2=4'XOp,Artificial Intelligence Specialist,15-11-2021,User,
660bc6a82e1f83fa6a79fccf,Drucy,Fearneley,Emp_144dfearneley40@ed.gov,8088379671,Emp_144,rT8>$QNq+c$jY,Full-stack Developer,19-09-2018,User,
660bc6a82e1f83fa6a79fce9,Dewain,Januszewski,Emp_170djanuszewski4q@gov.uk,3468760663,Emp_170,oC4?nm$eVy@A,Data Scientist,22-08-2016,User,
660bc6a82e1f83fa6a79fceb,Reid,Duigan,Emp_172rduigan4s@guardian.co.uk,5892399244,Emp_172,"mS2@$xEX,?'",Systems Analyst,22-11-2014,User,
660bc6a82e1f83fa6a79fcf2,Vinni,Eyeington,Emp_179veyeington4z@e-recht24.de,7403314349,Emp_179,zR2>pb@`>mQQg,Database Administrator (DBA),3/3/2013,User,
660bc6a82e1f83fa6a79fd11,Cyrill,Kollasch,Emp_210ckollasch5u@rediff.com,5354403630,Emp_210,sB3&i/lT%&ux>*t,Frontend Developer,13-11-2017,User,
660bc6a82e1f83fa6a79fd1f,Paco,Ansteys,Emp_224pansteys68@admin.ch,2203427511,Emp_224,xX0>#&5q~u{>><,Systems Analyst,1/2/2001,User,
660bc6a82e1f83fa6a79fd23,Lacee,Osmund,Emp_228losmund6c@howstuffworks.com,4444869596,Emp_228,nE7|~9L{dp}2,IT Administrator,15-10-2000,User,
660bc6a82e1f83fa6a79fd2a,Gayler,Fotheringham,Emp_235gfotheringham6j@parallels.com,7038435940,Emp_235,"wF1>\zERlI,K",IT Support Engineer,23-11-2003,User,
660bc6a82e1f83fa6a79fd37,Kimberlyn,Tasker,Emp_248ktasker6w@pcworld.com,2601677012,Emp_248,"aH5""\Ub=(x3t\",Technical Architect,2/2/2020,User,
660bc6a82e1f83fa6a79fd3a,Lita,Beningfield,Emp_251lbeningfield6z@jalbum.net,4586507592,Emp_251,nM3}O*2xSqwtD_?=,Systems Analyst,6/11/2000,User,
660bc6a82e1f83fa6a79fd63,Thekla,Jepensen,Emp_292tjepensen84@i2i.jp,8112238675,Emp_292,nA4+H~SSWd$y,Security Engineer,13-07-2021,User,
660bc6a82e1f83fa6a79fd6d,Olivero,Cuttler,Emp_302ocuttler8e@usatoday.com,8387780854,Emp_302,"xV9~""S/t?boA",Backend Developer,28-12-2002,User,
660bc6a82e1f83fa6a79fd74,Michelina,Ibbott,Emp_309mibbott8l@globo.com,4176794543,Emp_309,oU9~tru#4B&Sp,Network Engineer,17-08-2021,User,
660bc6a82e1f83fa6a79fd78,Sloan,Maharey,Emp_313smaharey8p@irs.gov,6709975213,Emp_313,iH4=>$ix9_88gy~A,Security Engineer,27-11-2004,User,
660bc6a82e1f83fa6a79fd84,Chalmers,Errol,Emp_325cerrol91@unblog.fr,9345553987,Emp_325,xF1>l#HWr,Software Tester,17-09-2005,User,
660bc6a82e1f83fa6a79fd8b,Shelley,Wickens,Emp_332swickens98@shareasale.com,5327091366,Emp_332,wH9)h9p2u6y~D,Customer Support Engineer,26-09-2001,User,
660bc6a82e1f83fa6a79fd8c,Yolanda,Rolston,Emp_333yrolston99@baidu.com,6787190626,Emp_333,"dB7,$USqVly(qY",Business Analyst,5/5/2001,User,
660bc6a82e1f83fa6a79fd91,Lorrie,Dorling,Emp_338ldorling9e@nasa.gov,8435893450,Emp_338,rC5%(z\cfB&,UI/UX Designer,21-10-2010,User,
660bc6a82e1f83fa6a79fda4,Gannie,Jzak,Emp_357gjzak9x@cargocollective.com,6692148597,Emp_357,bQ1\&NKqL2X,IT Support Engineer,14-05-2011,User,
660bc6a82e1f83fa6a79fda6,Averil,Boyes,Emp_359aboyes9z@biglobe.ne.jp,6592449016,Emp_359,dK8`tavzMF=BNNv6,Database Administrator (DBA),26-04-2000,User,
660bc6a82e1f83fa6a79fdd6,Ed,Rintoul,Emp_407erintoulbb@house.gov,8805693129,Emp_407,iN3&Km04r4ulep4/,Data Scientist,16-06-2020,User,
660bc6a82e1f83fa6a79fde9,Danika,de Verson,Emp_426ddeversonbu@netlog.com,8962447780,Emp_426,jM0\fc.LgI',Software Engineer,6/7/2022,User,
660bc6a82e1f83fa6a79fdf8,Marillin,Goodrum,Emp_441mgoodrumc9@elegantthemes.com,7689494093,Emp_441,lE1{!OS$,Performance Engineer,6/5/2013,User,
660bc6a82e1f83fa6a79fe21,Lezley,Fiddyment,Emp_482lfiddymentde@mayoclinic.com,3201594212,Emp_482,"mM3*)400""DX7",Scrum Master,18-12-2006,User,
660bc6a82e1f83fa6a79fe26,Augusta,Bolduc,Emp_487abolducdj@ibm.com,7532269164,Emp_487,qI9{I2O{,Automation Engineer,14-12-2005,User,
660bc6a82e1f83fa6a79fc71,Marj,Walesa,Emp_50mwalesa1e@alibaba.com,9561888503,Emp_50,gF6_=MIF*,Product Manager,18-12-2020,User,
660bc6a82e1f83fa6a79fc77,Josefina,Anney,Emp_56janney1k@gmpg.org,9609365339,Emp_56,oP6+hEGc,UI/UX Designer,3/10/2016,User,
660bc6a82e1f83fa6a79fc8c,Drusilla,Olensby,Emp_77dolensby25@lulu.com,1309871469,Emp_77,rE7{biLeFd'Y,Systems Analyst,18-09-2010,User,
660bc6a82e1f83fa6a79fc94,Dennie,Causier,Emp_85dcausier2d@google.it,9033681554,Emp_85,rQ2\G2|If{I=,Release Manager,17-02-2020,User,
660bc6a82e1f83fa6a79fc98,Barry,Kaines,Emp_89bkaines2h@dropbox.com,6572129243,Emp_89,xZ9'kLrz?,Customer Support Engineer,28-01-2008,User,
660bc6a82e1f83fa6a79fccb,Sheilakathryn,Loines,Emp_140sloines3w@google.it,5937325584,Emp_140,uH4~lyX{CR!FYA3,IT Support Engineer,30-12-2005,User,
660bc6a82e1f83fa6a79fcd6,Helene,Leafe,Emp_151hleafe47@msu.edu,1694725881,Emp_151,wV3!G@Z+wE_r,Scrum Master,8/12/2007,User,
660bc6a82e1f83fa6a79fcdf,Caitlin,Maleby,Emp_160cmaleby4g@wix.com,8654491602,Emp_160,vX1&ra|&3?,Configuration Manager,13-06-2020,User,
660bc6a82e1f83fa6a79fcf4,Roseanne,Kells,Emp_181rkells51@kickstarter.com,1049733935,Emp_181,sL1*o.&=K7{v3m,Database Administrator (DBA),29-08-2013,User,
660bc6a82e1f83fa6a79fd38,Vickie,Norkutt,Emp_249vnorkutt6x@a8.net,3046871275,Emp_249,"bD2,.9bcR",Machine Learning Engineer,6/7/2018,User,
660bc6a82e1f83fa6a79fd53,Hazel,Freeborn,Emp_276hfreeborn7o@yolasite.com,1701955762,Emp_276,lN4!iS*9`+j(Z+',Backend Developer,19-04-2008,User,
660bc6a82e1f83fa6a79fd57,Adoree,Tringham,Emp_280atringham7s@fc2.com,7043112302,Emp_280,pB7)4Smh,Data Scientist,18-04-2001,User,
660bc6a82e1f83fa6a79fd62,Tony,Bassingden,Emp_291tbassingden83@ask.com,1617942775,Emp_291,"lN5_3~gIlqIx6(,=",Mobile App Developer (iOS/Android),10/7/2013,User,
660bc6a82e1f83fa6a79fd7a,Herb,Emmanuele,Emp_315hemmanuele8r@homestead.com,2794327460,Emp_315,"hJ1""=j>g4rcn",IT Support Engineer,24-07-2006,User,
660bc6a82e1f83fa6a79fd98,Rachael,Buncom,Emp_345rbuncom9l@elpais.com,9854997064,Emp_345,"hO0<*vy\!`R@(?,",Cloud Solutions Architect,17-05-2001,User,
660bc6a82e1f83fa6a79fda9,Leslie,Lissemore,Emp_362llissemorea2@dell.com,8312909535,Emp_362,eA4%~aH|>,Database Administrator (DBA),16-04-2014,User,
660bc6a82e1f83fa6a79fdcb,Darelle,Penswick,Emp_396dpenswickb0@state.gov,3313750519,Emp_396,aQ3#|aDI,Scrum Master,1/3/2012,User,
660bc6a82e1f83fa6a79fdd9,Winonah,Stonebanks,Emp_410wstonebanksbe@latimes.com,1505516424,Emp_410,rA1_\GL7,Machine Learning Engineer,11/7/2010,User,
660bc6a82e1f83fa6a79fde5,Herbert,Minithorpe,Emp_422hminithorpebq@edublogs.org,4994474401,Emp_422,tE1?A31},Artificial Intelligence Specialist,21-12-2016,User,
660bc6a82e1f83fa6a79fdf3,Laverne,Haverty,Emp_436lhavertyc4@netvibes.com,8659041470,Emp_436,nI4'0K7$9CZi!,Full-stack Developer,4/12/2015,User,
660bc6a82e1f83fa6a79fe00,Noll,Spary,Emp_449nsparych@loc.gov,7258585678,Emp_449,kJ4$$YgWYU,Security Engineer,29-09-2002,User,
660bc6a82e1f83fa6a79fe01,Dallon,Shapero,Emp_450dshaperoci@ocn.ne.jp,7376348858,Emp_450,zW3%$qCN!6vV3=6A,Automation Engineer,17-07-2017,User,
660bc6a82e1f83fa6a79fe04,Tate,Artis,Emp_453tartiscl@shareasale.com,8228103302,Emp_453,iF4'ntrvd,Business Analyst,19-08-2010,User,
660bc6a82e1f83fa6a79fe19,Hebert,Medlin,Emp_474hmedlind6@google.es,4803276138,Emp_474,"bT7|T_uzWx`9""hG",Security Engineer,3/6/2016,User,
660bc6a82e1f83fa6a79fe1e,Lawry,Lyffe,Emp_479llyffedb@buzzfeed.com,2034439036,Emp_479,hH4|P}SHd,Mobile App Developer (iOS/Android),15-08-2007,User,
660bc6a82e1f83fa6a79fe30,Aeriel,D'Oyly,Emp_497adoylydt@stanford.edu,6297954148,Emp_497,"bS6)A2,1",Machine Learning Engineer,14-01-2016,User,
660bc6a82e1f83fa6a79fc4f,Griff,Kinton,Emp_16gkintong@fotki.com,9965714786,Emp_16,gK7_F0<RmGsr,Software Engineer,13-11-2010,User,
660bc6a82e1f83fa6a79fc51,Emlynn,Bram,Emp_18ebrami@google.com.au,4187251489,Emp_18,iR2{t?Cf,Full-stack Developer,18-06-2006,User,
660bc6a82e1f83fa6a79fc55,Eddy,Hiddersley,Emp_22ehiddersleym@fc2.com,4953069885,Emp_22,bD6.{yb3yq}>,Product Manager,30-07-2012,User,
660bc6a82e1f83fa6a79fc59,Kipp,McPhee,Emp_26kmcpheeq@bravesites.com,1816796471,Emp_26,iU0#Yl/&kG,Technical Architect,19-05-2001,User,
660bc6a82e1f83fa6a79fc68,Eleanora,Carradice,Emp_41ecarradice15@cisco.com,2566026156,Emp_41,"bY9""ys9Lb@n#9",Network Engineer,16-02-2018,User,
660bc6a82e1f83fa6a79fc81,Zane,Stoner,Emp_66zstoner1u@twitpic.com,5685002241,Emp_66,eK9?cN6BK<y)sV1*,IT Support Engineer,4/6/2002,User,
660bc6a82e1f83fa6a79fca5,Bryant,Domenico,Emp_102bdomenico2u@unesco.org,6208796658,Emp_102,"pS7@k@IsMNLx)>""J",Network Engineer,24-05-2010,User,
660bc6a82e1f83fa6a79fcaa,Bernie,Ritchard,Emp_107britchard2z@cornell.edu,9432072684,Emp_107,nX9<_bQdr!}CX,Machine Learning Engineer,5/5/2019,User,
660bc6a82e1f83fa6a79fcb3,Hale,Fibbens,Emp_116hfibbens38@tripadvisor.com,7568233601,Emp_116,"bY5_m!ow,l_?@'N,",Database Administrator (DBA),27-04-2020,User,
660bc6a82e1f83fa6a79fcde,Helen-elizabeth,Edser,Emp_159hedser4f@pcworld.com,7606199526,Emp_159,"tV5{HN$q,F",Product Manager,9/12/2006,User,
660bc6a82e1f83fa6a79fce5,Antonius,Penk,Emp_166apenk4m@icio.us,9452782233,Emp_166,cS8{nnV1x76,Database Administrator (DBA),5/12/2012,User,
660bc6a82e1f83fa6a79fcea,Rutherford,Topaz,Emp_171rtopaz4r@feedburner.com,9299762938,Emp_171,tX4}6V6Drl%<4xx,Technical Architect,11/2/2000,User,
660bc6a82e1f83fa6a79fced,Colas,Carss,Emp_174ccarss4u@taobao.com,2597179328,Emp_174,nT5~B#Dz&u,Technical Writer (Documentation Specialist),9/12/2005,User,
660bc6a82e1f83fa6a79fcee,Milissent,Coulter,Emp_175mcoulter4v@ucoz.com,9611020794,Emp_175,zS7'p>6vP0F,Scrum Master,27-01-2011,User,
660bc6a82e1f83fa6a79fd16,Killy,Willshere,Emp_215kwillshere5z@fda.gov,5169021944,Emp_215,bB3$n?6WK,Backend Developer,21-07-2021,User,
660bc6a82e1f83fa6a79fd17,Eileen,McKinnon,Emp_216emckinnon60@ycombinator.com,4541487389,Emp_216,jF7/~!D},Business Analyst,6/1/2005,User,
660bc6a82e1f83fa6a79fd34,Amory,Terry,Emp_245aterry6t@desdev.cn,3341444013,Emp_245,zO0=5Q>D,Backend Developer,17-02-2011,User,
660bc6a82e1f83fa6a79fd35,Shelden,Duling,Emp_246sduling6u@altervista.org,4449715218,Emp_246,cG4'P@f~%z,Software Engineer,11/9/2009,User,
660bc6a82e1f83fa6a79fd4a,Shepherd,Eassom,Emp_267seassom7f@ifeng.com,6489780185,Emp_267,oR4}B_Q8vq1Y,Software Tester,11/1/2002,User,
660bc6a82e1f83fa6a79fd4b,Cynthie,Manilo,Emp_268cmanilo7g@youtube.com,7859686225,Emp_268,pT5>Iv{JQBgof,DevOps Engineer,11/10/2020,User,
660bc6a82e1f83fa6a79fd4c,Alanah,Angrove,Emp_269aangrove7h@pcworld.com,4629695924,Emp_269,rT3<gvZ_GlJ\,Release Manager,16-10-2014,User,
660bc6a82e1f83fa6a79fd4f,Meggie,O'Daly,Emp_272modaly7k@wikimedia.org,6752346630,Emp_272,pN1}x/=+Pu,Performance Engineer,29-07-2021,User,
660bc6a82e1f83fa6a79fd56,Rochell,Freezor,Emp_279rfreezor7r@prlog.org,7353292484,Emp_279,oP6?B`xwW,Security Engineer,17-05-2009,User,
660bc6a82e1f83fa6a79fd5b,Petronille,Smorthwaite,Emp_284psmorthwaite7w@163.com,3715939482,Emp_284,"oR6@gQv.1,v'NNDr",Cloud Solutions Architect,26-02-2017,User,
660bc6a82e1f83fa6a79fd6b,Merla,Gosdin,Emp_300mgosdin8c@tumblr.com,6798766334,Emp_300,cD5*JX!lmKgBdB,Artificial Intelligence Specialist,25-07-2013,User,
660bc6a82e1f83fa6a79fd70,Ulrika,Trevillion,Emp_305utrevillion8h@wordpress.com,6055074942,Emp_305,"fS1|@za%,@\L",Configuration Manager,26-01-2005,User,
660bc6a82e1f83fa6a79fd85,Sybila,McClaurie,Emp_326smcclaurie92@bloglines.com,7809830911,Emp_326,zJ3!h)yNc`7rj,Systems Analyst,5/6/2004,User,
660bc6a82e1f83fa6a79fd88,Lem,Sobtka,Emp_329lsobtka95@ow.ly,2071488434,Emp_329,oV5<\Qeg.n*0RK14,Network Engineer,31-01-2011,User,
660bc6a82e1f83fa6a79fdb8,Cathe,Eggleson,Emp_377cegglesonah@amazon.com,7038342588,Emp_377,nQ0~4eGzR3Hb,Machine Learning Engineer,16-12-2013,User,
660bc6a82e1f83fa6a79fdd3,Christy,Beddin,Emp_404cbeddinb8@jiathis.com,5716382691,Emp_404,rW2(5n#of#Ab?ZR>,Security Engineer,15-04-2009,User,
660bc6a82e1f83fa6a79fdf2,Cordy,Gillaspy,Emp_435cgillaspyc3@eventbrite.com,6406426576,Emp_435,rA6`Fo@e,Software Engineer,1/7/2012,User,
660bc6a82e1f83fa6a79fe0b,Lorens,Lightwood,Emp_460llightwoodcs@umich.edu,3003751919,Emp_460,"wY8""Z$0bk25UHj",Technical Architect,20-03-2012,User,
660bc6a82e1f83fa6a79fe17,Steward,McBoyle,Emp_472smcboyled4@cornell.edu,3008861495,Emp_472,yY9>7y3FUbtz@ua,Performance Engineer,31-07-2005,User,
660bc6a82e1f83fa6a79fe1d,Buddie,Gergus,Emp_478bgergusda@weibo.com,1493386864,Emp_478,"aJ0,hOjv&P",Backend Developer,20-01-2014,User,
660bc6a82e1f83fa6a79fe2f,Jenine,Harber,Emp_496jharberds@usda.gov,3864388915,Emp_496,tM8$GF+o5>5qpw&,Quality Assurance Engineer (QA Engineer),27-11-2009,User,
660bc6a82e1f83fa6a79fc45,Reggy,Petru,Emp_6rpetru6@goo.ne.jp,5421159331,Emp_6,iF4\bcU.5H,Technical Writer (Documentation Specialist),15-09-2017,User,
660bc6a82e1f83fa6a79fc41,Brandy,Hukin,Emp_2bhukin2@amazon.co.jp,6073229662,Emp_2,"xD8""EhC5P",Product Manager,25-01-2010,Approver,
660bc6a82e1f83fa6a79fc49,Quintana,Coger,Emp_10qcogera@google.ca,2057903878,Emp_10,kY2+s|Bcv,Systems Analyst,14-08-2004,User,
660bc6a82e1f83fa6a79fc4d,Jessa,Grand,Emp_14jgrande@webnode.com,9026998604,Emp_14,"uF4,Pr*'&n8#*k7L",Product Manager,17-09-2007,User,
660bc6a82e1f83fa6a79fc44,Koenraad,Steart,Emp_5ksteart5@xing.com,7481672450,Emp_5,gQ7}Fhfl_Fg/G2&m,Release Manager,12/7/2012,User,
660bc6a82e1f83fa6a79fc46,Bidget,Atyea,Emp_7batyea7@surveymonkey.com,4041900815,Emp_7,uN2>zHpcI+t,Customer Support Engineer,17-07-2007,User,
660bc6a82e1f83fa6a79fc5d,Olwen,Pretswell,Emp_30opretswellu@fc2.com,5572375468,Emp_30,qO9.s6|k27Ubbuig,UI/UX Designer,7/3/2018,User,
660bc6a82e1f83fa6a79fc6a,Winn,Vogl,Emp_43wvogl17@discovery.com,9216843921,Emp_43,nP3`$Utd,Machine Learning Engineer,15-03-2006,User,
660bc6a82e1f83fa6a79fc96,Berton,Aulds,Emp_87baulds2f@weibo.com,7538918055,Emp_87,gH7`rf&8Drw%RFg,Full-stack Developer,28-09-2004,User,
660bc6a82e1f83fa6a79fcb0,Tuckie,Georges,Emp_113tgeorges35@slashdot.org,6905808804,Emp_113,qT5\wp)fT($,Business Analyst,19-03-2007,User,
660bc6a82e1f83fa6a79fcba,Godfrey,Ludman,Emp_123gludman3f@marketwatch.com,5358049880,Emp_123,"zJ8,NMy`K}U\vr",Technical Writer (Documentation Specialist),9/5/2022,User,
660bc6a82e1f83fa6a79fcc9,Sianna,McNern,Emp_138smcnern3u@instagram.com,9638431167,Emp_138,oA5$hj_2=44,IT Administrator,1/10/2016,User,
660bc6a82e1f83fa6a79fcd8,Karina,Lambertazzi,Emp_153klambertazzi49@yellowpages.com,6961469432,Emp_153,fN0<.zXh,Business Analyst,29-10-2000,User,
660bc6a82e1f83fa6a79fcf9,Kial,Quantick,Emp_186kquantick56@marketwatch.com,4361985877,Emp_186,bI5#c<()p+,IT Support Engineer,7/9/2021,User,
660bc6a82e1f83fa6a79fd0a,Meara,Hillhouse,Emp_203mhillhouse5n@wikia.com,9162808731,Emp_203,rB4*9r4M@,Software Engineer,10/3/2015,User,
660bc6a82e1f83fa6a79fd30,Corty,Deetch,Emp_241cdeetch6p@wordpress.com,9079442567,Emp_241,"pO5/""dj3@VfhoF|",Scrum Master,20-10-2001,User,
660bc6a82e1f83fa6a79fd41,Suzann,Denford,Emp_258sdenford76@goodreads.com,8804963816,Emp_258,"uV7""1)*vU",Technical Architect,5/4/2017,User,
660bc6a82e1f83fa6a79fd51,Gabriellia,De Freitas,Emp_274gdefreitas7m@clickbank.net,6435117934,Emp_274,qW0`}knFMog}03,Data Scientist,28-10-2011,User,
660bc6a82e1f83fa6a79fd5d,Che,Webber,Emp_286cwebber7y@infoseek.co.jp,9128672303,Emp_286,"qM3?*j,/gdR&+h1$",Software Tester,3/11/2011,User,
660bc6a82e1f83fa6a79fd66,Ira,Goundry,Emp_295igoundry87@noaa.gov,9497374152,Emp_295,uR9_I{<2Sd##t,Artificial Intelligence Specialist,13-04-2010,User,
660bc6a82e1f83fa6a79fd69,Ced,Sanday,Emp_298csanday8a@bing.com,7958144332,Emp_298,mJ1.w.gG&,Frontend Developer,28-11-2003,User,
660bc6a82e1f83fa6a79fd79,Mord,Stappard,Emp_314mstappard8q@icq.com,3023877768,Emp_314,gX4<<Om|r,Technical Writer (Documentation Specialist),16-02-2014,User,
660bc6a82e1f83fa6a79fd7b,Ulrikaumeko,Broadwell,Emp_316ubroadwell8s@disqus.com,2744314564,Emp_316,dO8+nF`sMl+Fq,UI/UX Designer,7/6/2019,User,
660bc6a82e1f83fa6a79fdaf,Binny,Drayn,Emp_368bdrayna8@simplemachines.org,3548153550,Emp_368,yG9<_$(xe>D,Business Analyst,5/6/2011,User,
660bc6a82e1f83fa6a79fdc6,Robbie,Neate,Emp_391rneateav@dagondesign.com,4396463877,Emp_391,"kY2@cnL5""PpF/",Scrum Master,18-08-2020,User,
660bc6a82e1f83fa6a79fdcc,Penrod,Jerrems,Emp_397pjerremsb1@e-recht24.de,4122841286,Emp_397,hB7(/08cNS,Artificial Intelligence Specialist,3/6/2017,User,
660bc6a82e1f83fa6a79fddc,Johann,O' Hogan,Emp_413johoganbh@icio.us,1668620132,Emp_413,"cN4|AIlHYO8/T""n",Release Manager,3/12/2013,User,
660bc6a82e1f83fa6a79fde0,Tobe,Buckbee,Emp_417tbuckbeebl@ow.ly,2968461266,Emp_417,tF6&5a4GR5zR,Product Manager,23-06-2013,User,
660bc6a82e1f83fa6a79fe07,Ingram,McKyrrelly,Emp_456imckyrrellyco@mapy.cz,9745269801,Emp_456,"jO3.OA""b=9kRxI",Technical Writer (Documentation Specialist),15-03-2018,User,
660bc6a82e1f83fa6a79fe23,Jacinthe,Yarnell,Emp_484jyarnelldg@vk.com,5391953974,Emp_484,oT4!@ow4}LzuMo,UI/UX Designer,29-10-2020,User,
660bc6a82e1f83fa6a79fe29,Boot,Baudacci,Emp_490bbaudaccidm@hostgator.com,3924881166,Emp_490,"jD6,I(h8",DevOps Engineer,28-08-2013,User,
660bc6a82e1f83fa6a79fe32,,,,,,,,,,
660bc6a82e1f83fa6a79fc7d,Claudianus,Wheatland,Emp_62cwheatland1q@comsenz.com,2333629549,Emp_62,"aZ6"")9aHZn3$@OFN",Mobile App Developer (iOS/Android),14-10-2022,User,
660bc6a82e1f83fa6a79fc8a,Jodee,Seeds,Emp_75jseeds23@about.com,4669927064,Emp_75,"wI1""(W%S6C/z9kWO",Frontend Developer,12/11/2004,User,
660bc6a82e1f83fa6a79fc8b,Faulkner,Gudyer,Emp_76fgudyer24@ameblo.jp,7018949788,Emp_76,yN9)|y6hoNrP,Software Tester,23-04-2012,User,
660bc6a82e1f83fa6a79fc9c,Cecily,Angove,Emp_93cangove2l@npr.org,8316101233,Emp_93,nU8+<S7TWLz+=43_,Machine Learning Engineer,22-03-2013,User,
660bc6a82e1f83fa6a79fc9f,Corbet,Frome,Emp_96cfrome2o@un.org,4012137320,Emp_96,"eA4,ELk,Lom",Configuration Manager,30-08-2009,User,
660bc6a82e1f83fa6a79fcbe,Aurore,Jendrusch,Emp_127ajendrusch3j@scientificamerican.com,8512212362,Emp_127,nQ3&lAzy,Data Scientist,16-09-2020,User,
660bc6a82e1f83fa6a79fcc0,Itch,Jedras,Emp_129ijedras3l@hugedomains.com,7112196402,Emp_129,iQ7`}{_RQ,IT Support Engineer,8/7/2019,User,
660bc6a82e1f83fa6a79fcc2,Alisun,Rayson,Emp_131arayson3n@yandex.ru,2896456557,Emp_131,"kD7,Dw`Q",UI/UX Designer,17-03-2020,User,
660bc6a82e1f83fa6a79fcd7,Armand,Astie,Emp_152aastie48@addtoany.com,2101703945,Emp_152,aH3*xI}uwyoR8ymB,Full-stack Developer,3/4/2009,User,
660bc6a82e1f83fa6a79fcef,Hester,Graves,Emp_176hgraves4w@instagram.com,3761392490,Emp_176,dK7>nZ310,Systems Analyst,24-03-2016,User,
660bc6a82e1f83fa6a79fd31,Fleming,Oyley,Emp_242foyley6q@wikia.com,6291468294,Emp_242,yR7/JGBo>NuZ,Network Engineer,31-10-2004,User,
660bc6a82e1f83fa6a79fd42,Linn,Brockton,Emp_259lbrockton77@toplist.cz,5395169512,Emp_259,pQ1{=g?k8k5n.R*&,Business Analyst,11/12/2008,User,
660bc6a82e1f83fa6a79fd4d,Willis,Cox,Emp_270wcox7i@icio.us,1767805749,Emp_270,vP1~?(uwnG`N~,Release Manager,4/8/2016,User,
660bc6a82e1f83fa6a79fd54,Hannah,Stean,Emp_277hstean7p@live.com,4448139251,Emp_277,aI9|2m~H2S5Y,Machine Learning Engineer,20-12-2009,User,
660bc6a82e1f83fa6a79fd6a,Anitra,Isaacson,Emp_299aisaacson8b@de.vu,8088493928,Emp_299,eS9.RHH=Ex),UI/UX Designer,10/9/2020,User,
660bc6a82e1f83fa6a79fd76,Tamiko,Madgett,Emp_311tmadgett8n@edublogs.org,4379456097,Emp_311,aC4@I6/KRtxeN,Technical Architect,1/6/2005,User,
660bc6a82e1f83fa6a79fd7d,Aeriela,Cartledge,Emp_318acartledge8u@google.com,4999387539,Emp_318,hX3!e5lY.,Full-stack Developer,17-09-2011,User,
660bc6a82e1f83fa6a79fd94,Kerry,Boosey,Emp_341kboosey9h@liveinternet.ru,3721547557,Emp_341,"iE6""jXHt@bI'j`*D",Frontend Developer,12/12/2006,User,
660bc6a82e1f83fa6a79fdd5,Tannie,Fermin,Emp_406tferminba@icio.us,4063952240,Emp_406,"vV6)vu,,d`|",Technical Writer (Documentation Specialist),5/11/2002,User,
660bc6a82e1f83fa6a79fe24,Thane,Maskell,Emp_485tmaskelldh@npr.org,8359376362,Emp_485,hE9}<XTKp,Business Analyst,18-10-2014,User,
660bc6a82e1f83fa6a79fc4c,Gauthier,Trippett,Emp_13gtrippettd@hugedomains.com,4646900027,Emp_13,aW0<_{pp8{p{iK,DevOps Engineer,22-11-2017,User,
660bc6a82e1f83fa6a79fc6f,Wynn,Ainsley,Emp_48wainsley1c@bloglovin.com,4935513413,Emp_48,wU0)<%}!P8U,Artificial Intelligence Specialist,22-07-2005,User,
660bc6a82e1f83fa6a79fc83,Bondie,Jenkison,Emp_68bjenkison1w@earthlink.net,1702347109,Emp_68,"hA3,n=<GC'S7!*",Customer Support Engineer,8/11/2011,User,
660bc6a82e1f83fa6a79fca2,Tybalt,Neicho,Emp_99tneicho2r@toplist.cz,7675642853,Emp_99,fK8@4y|/.&,Software Engineer,21-05-2001,User,
660bc6a82e1f83fa6a79fca6,Randall,Aveling,Emp_103raveling2v@dell.com,5787752393,Emp_103,jU6+~yw\yL@,Software Engineer,7/11/2004,User,
660bc6a82e1f83fa6a79fcb8,Remy,Scrane,Emp_121rscrane3d@altervista.org,7079354942,Emp_121,"wY0<ih6Vt""9C`zi",Artificial Intelligence Specialist,26-01-2018,User,
660bc6a82e1f83fa6a79fcc4,Jaclyn,Baxstare,Emp_133jbaxstare3p@spiegel.de,2574699450,Emp_133,oD0@&0BQM,Technical Writer (Documentation Specialist),19-12-2019,User,
660bc6a82e1f83fa6a79fcc6,Chrysa,Matushenko,Emp_135cmatushenko3r@multiply.com,9684927706,Emp_135,"aB3""Ft_.@GQ",IT Administrator,31-12-2014,User,
660bc6a82e1f83fa6a79fcf1,Nikos,Coppeard,Emp_178ncoppeard4y@about.com,8505054770,Emp_178,iQ7|'Gf@.CHH>,Mobile App Developer (iOS/Android),20-06-2014,User,
660bc6a82e1f83fa6a79fcf3,Cassy,Berkeley,Emp_180cberkeley50@prlog.org,8793307299,Emp_180,eT6*CHN(MD.xAr,Scrum Master,27-10-2012,User,
660bc6a82e1f83fa6a79fcf7,Maxwell,Foulks,Emp_184mfoulks54@amazon.de,2025842422,Emp_184,cL7?vD7~Ga,Agile Coach,6/12/2010,User,
660bc6a82e1f83fa6a79fd0e,Rodolphe,McNern,Emp_207rmcnern5r@usda.gov,4475387912,Emp_207,tC2}iccNOd*d,Security Engineer,11/10/2012,User,
660bc6a82e1f83fa6a79fd2e,Spence,Layfield,Emp_239slayfield6n@theguardian.com,1909841931,Emp_239,bL8'`5z+Vs7TG,IT Administrator,10/2/2005,User,
660bc6a82e1f83fa6a79fd36,Roxy,Bowich,Emp_247rbowich6v@google.ca,6753598693,Emp_247,pD6\w\#I,IT Support Engineer,11/11/2017,User,
660bc6a82e1f83fa6a79fd8e,Kellen,Villa,Emp_335kvilla9b@moonfruit.com,7493618803,Emp_335,qO9)*5_I/,Software Tester,11/2/2011,User,
660bc6a82e1f83fa6a79fd9b,Petronille,Blann,Emp_348pblann9o@engadget.com,5402598503,Emp_348,rK6\QzuNCF$,Configuration Manager,4/9/2004,User,
660bc6a82e1f83fa6a79fd9c,Consalve,Inchbald,Emp_349cinchbald9p@nbcnews.com,8445830185,Emp_349,pQ1}mk)woih%6ow,Frontend Developer,11/9/2019,User,
660bc6a82e1f83fa6a79fdab,Chelsae,Janus,Emp_364cjanusa4@imdb.com,8812076660,Emp_364,tO1<fZx'1p,Network Engineer,26-08-2002,User,
660bc6a82e1f83fa6a79fdd4,Teddie,Schorah,Emp_405tschorahb9@ftc.gov,1449973205,Emp_405,bQ1>KB73RN,Software Engineer,1/4/2019,User,
660bc6a82e1f83fa6a79fde2,Cob,Holtum,Emp_419choltumbn@un.org,6768914616,Emp_419,fL3@(e}N4bG!,IT Support Engineer,28-12-2007,User,
660bc6a82e1f83fa6a79fdea,Marylynne,Doyle,Emp_427mdoylebv@foxnews.com,6758286830,Emp_427,"kV1_n??,""kr)9{N)",Cloud Solutions Architect,25-07-2014,User,
660bc6a82e1f83fa6a79fe09,Maryann,Beldon,Emp_458mbeldoncq@myspace.com,9971969374,Emp_458,zN6'#3a|E&Y@xM,Security Engineer,10/7/2010,User,
660bc6a82e1f83fa6a79fc6b,Alessandra,Duffy,Emp_44aduffy18@fc2.com,8767452448,Emp_44,fI0}i0|Q/kiIk$P,Backend Developer,21-03-2005,User,
660bc6a82e1f83fa6a79fc7a,Dew,Shimwall,Emp_59dshimwall1n@uol.com.br,3302119739,Emp_59,lW2)l<KzVq$1,Release Manager,10/2/2005,User,
660bc6a82e1f83fa6a79fc7c,Berny,McCool,Emp_61bmccool1p@ebay.com,8452513379,Emp_61,"pL5>G=NeoCqF"",",Full-stack Developer,16-11-2006,User,
660bc6a82e1f83fa6a79fc92,Domeniga,Earthfield,Emp_83dearthfield2b@msn.com,3827496579,Emp_83,mM6}a3#`.,Security Engineer,11/12/2009,User,
660bc6a82e1f83fa6a79fca3,Burch,Smallthwaite,Emp_100bsmallthwaite2s@virginia.edu,8211635266,Emp_100,oU0_A87H`rTq,Backend Developer,16-12-2014,User,
660bc6a82e1f83fa6a79fce4,Jaclin,Lankford,Emp_165jlankford4l@utexas.edu,9791428417,Emp_165,iD5(6k9!Qs+y,Technical Architect,2/12/2019,User,
660bc6a82e1f83fa6a79fcf8,Inglis,Gopsell,Emp_185igopsell55@homestead.com,6607285098,Emp_185,tU0(N!bU$k<,UI/UX Designer,18-02-2006,User,
660bc6a82e1f83fa6a79fd19,Kacy,Shakesby,Emp_218kshakesby62@wordpress.org,8411534975,Emp_218,yG6<F<SRY,Security Engineer,4/8/2018,User,
660bc6a82e1f83fa6a79fd3b,Quinta,Nellis,Emp_252qnellis70@purevolume.com,8331829200,Emp_252,iZ8'*M8l1%`VBPz,Data Scientist,1/1/2003,User,
660bc6a82e1f83fa6a79fd3f,Rustie,Balsellie,Emp_256rbalsellie74@prweb.com,4463220960,Emp_256,aD9`ldm3\UaCbM/W,Database Administrator (DBA),5/6/2020,User,
660bc6a82e1f83fa6a79fd96,Lawton,Schimon,Emp_343lschimon9j@apple.com,9749363936,Emp_343,qN4|Sk9K9IiHm>OD,Performance Engineer,7/2/2006,User,
660bc6a82e1f83fa6a79fda3,Artemus,Phlippi,Emp_356aphlippi9w@cam.ac.uk,3364581240,Emp_356,"yV7<""HHy",Product Manager,21-02-2010,User,
660bc6a82e1f83fa6a79fdaa,Christine,Comerford,Emp_363ccomerforda3@soundcloud.com,7708477240,Emp_363,yN4/@_)#<>T21g,Agile Coach,29-04-2014,User,
660bc6a82e1f83fa6a79fdba,Helaina,Haspineall,Emp_379hhaspineallaj@upenn.edu,8567535858,Emp_379,xR4\%p8?,Mobile App Developer (iOS/Android),2/1/2004,User,
660bc6a82e1f83fa6a79fdc7,Rinaldo,Iacabucci,Emp_392riacabucciaw@blogtalkradio.com,6013761615,Emp_392,cC3(>.H)~\n>P,Scrum Master,8/3/2020,User,
660bc6a82e1f83fa6a79fdcd,Hallie,Pinchon,Emp_398hpinchonb2@intel.com,4835094502,Emp_398,xR0@Csn(oJ7\r,Database Administrator (DBA),17-10-2021,User,
660bc6a82e1f83fa6a79fdcf,Derk,Genty,Emp_400dgentyb4@economist.com,5936568490,Emp_400,kK6}8sL~`,Performance Engineer,9/3/2003,User,
660bc6a82e1f83fa6a79fdd2,Waverly,Kaasman,Emp_403wkaasmanb7@google.com.au,5474848593,Emp_403,cN3\j<K%Ia,Full-stack Developer,27-05-2014,User,
660bc6a82e1f83fa6a79fdf4,Quintus,Barney,Emp_437qbarneyc5@google.co.uk,1888526641,Emp_437,uW8*'<Nwpy,Machine Learning Engineer,4/6/2003,User,
660bc6a82e1f83fa6a79fdfa,Artemis,Barwis,Emp_443abarwiscb@google.com.hk,7073247118,Emp_443,zT7(y#cdL,Business Analyst,4/3/2011,User,
660bc6a82e1f83fa6a79fdfe,Chick,Empleton,Emp_447cempletoncf@alexa.com,6664746441,Emp_447,cN6?S$JW=J(\oNp,Cloud Solutions Architect,28-07-2009,User,
660bc6a82e1f83fa6a79fe0f,Dacie,Pettigree,Emp_464dpettigreecw@123-reg.co.uk,1626158505,Emp_464,"wQ8,5""?B""hbV",Agile Coach,17-11-2015,User,
660bc6a82e1f83fa6a79fe18,Katharyn,Elloy,Emp_473kelloyd5@epa.gov,6206026980,Emp_473,kU3>_/6TrAm7}\w0,Software Engineer,18-05-2022,User,
660bc6a82e1f83fa6a79fe22,Alvera,Asling,Emp_483aaslingdf@census.gov,7636944492,Emp_483,fW3_e(kj6e`XdW!,Performance Engineer,9/8/2011,User,
660bc6a82e1f83fa6a79fe28,Annamaria,Spavins,Emp_489aspavinsdl@goo.ne.jp,8309095309,Emp_489,"pK7(nWY@%4Z,>alN",DevOps Engineer,14-11-2008,User,
660bc6a82e1f83fa6a79fc47,Giustina,Lage,Emp_8glage8@bloglovin.com,4957354480,Emp_8,pI3`I8>&,Agile Coach,17-10-2013,User,
660bc6a82e1f83fa6a79fc54,Mendel,Chisholme,Emp_21mchisholmel@amazon.co.jp,6622298250,Emp_21,fB8%.Pb'Yp|Nhp=,Systems Analyst,4/8/2017,User,
660bc6a82e1f83fa6a79fc76,Bondon,Sprott,Emp_55bsprott1j@auda.org.au,4227644499,Emp_55,wI8|?o)0UTw,UI/UX Designer,26-07-2022,User,
660bc6a82e1f83fa6a79fca0,Gearalt,Foggarty,Emp_97gfoggarty2p@msu.edu,2436088830,Emp_97,uB3`OQGYS45!$A&,Mobile App Developer (iOS/Android),30-03-2006,User,
660bc6a82e1f83fa6a79fcc1,Eugen,Orr,Emp_130eorr3m@bbb.org,9913881208,Emp_130,dS6*Zy95,IT Support Engineer,16-04-2017,User,
660bc6a82e1f83fa6a79fcc7,Rand,Braidford,Emp_136rbraidford3s@goo.gl,8594317700,Emp_136,iZ6|2o~U8(z,Performance Engineer,6/3/2013,User,
660bc6a82e1f83fa6a79fcd4,Monroe,O'Lynn,Emp_149molynn45@google.nl,5181213562,Emp_149,iD7&\zv3MqR3,Quality Assurance Engineer (QA Engineer),17-01-2014,User,
660bc6a82e1f83fa6a79fcfa,Heinrik,Hubber,Emp_187hhubber57@opera.com,7112360750,Emp_187,"wY8""7)M/",Automation Engineer,16-07-2001,User,
660bc6a82e1f83fa6a79fd03,Bettine,Sarfass,Emp_196bsarfass5g@redcross.org,6985584480,Emp_196,bG4'B}#mSaD,IT Support Engineer,28-07-2019,User,
660bc6a82e1f83fa6a79fd22,Nancie,Antonelli,Emp_227nantonelli6b@discovery.com,8394344184,Emp_227,kX4`RKiHq~i,Technical Writer (Documentation Specialist),20-08-2000,User,
660bc6a82e1f83fa6a79fd48,Kirby,Gurery,Emp_265kgurery7d@topsy.com,8182074620,Emp_265,oO5@5VC{,Customer Support Engineer,16-06-2020,User,
660bc6a82e1f83fa6a79fd5c,Therese,Ivel,Emp_285tivel7x@last.fm,6085637253,Emp_285,oH8=c/%xTs,Technical Writer (Documentation Specialist),4/8/2001,User,
660bc6a82e1f83fa6a79fd7f,Albie,Jurges,Emp_320ajurges8w@a8.net,5312812808,Emp_320,hK7&ghBm,Full-stack Developer,16-02-2002,User,
660bc6a82e1f83fa6a79fd95,Brandice,Iorizzo,Emp_342biorizzo9i@nsw.gov.au,7319038675,Emp_342,uH9+G64JXxfHuv,Software Engineer,19-11-2017,User,
660bc6a82e1f83fa6a79fd9a,Caron,Onthank,Emp_347conthank9n@constantcontact.com,8133579825,Emp_347,wC0`E$r1se#,IT Support Engineer,2/7/2004,User,
660bc6a82e1f83fa6a79fd9e,Nicolis,McGlynn,Emp_351nmcglynn9r@psu.edu,5308674571,Emp_351,pR0<dYwX,Product Manager,25-05-2008,User,
660bc6a82e1f83fa6a79fdae,Tristan,Zanicchi,Emp_367tzanicchia7@delicious.com,5252045826,Emp_367,tW4#b\NfUZ=`>/,Database Administrator (DBA),25-05-2007,User,
660bc6a82e1f83fa6a79fdb0,Arnaldo,Solly,Emp_369asollya9@intel.com,1147449234,Emp_369,zK5..Qwf829/ul,UI/UX Designer,2/11/2014,User,
660bc6a82e1f83fa6a79fdbd,Brigitta,Ivison,Emp_382bivisonam@slate.com,4354369346,Emp_382,iW9%o=Gj3Z,Technical Writer (Documentation Specialist),24-09-2004,User,
660bc6a82e1f83fa6a79fdc1,Lainey,Goward,Emp_386lgowardaq@fastcompany.com,3835329592,Emp_386,aZ8(EnabZtG,Automation Engineer,26-04-2022,User,
660bc6a82e1f83fa6a79fdc3,Clair,Chivrall,Emp_388cchivrallas@cargocollective.com,9136984860,Emp_388,"nS0\jx>eO\,xqCy",Data Scientist,20-08-2018,User,
660bc6a82e1f83fa6a79fdd7,Monte,Dillicate,Emp_408mdillicatebc@bbc.co.uk,1587366794,Emp_408,"iQ2+,WFU%S",Cloud Solutions Architect,15-01-2013,User,
660bc6a82e1f83fa6a79fddd,Anne-marie,Verecker,Emp_414avereckerbi@nyu.edu,4746832763,Emp_414,zP1_#iMm/CXI`zQu,Technical Writer (Documentation Specialist),22-09-2009,User,
660bc6a82e1f83fa6a79fe06,Chico,Sterley,Emp_455csterleycn@ifeng.com,5056526379,Emp_455,yT2(X%2du,Mobile App Developer (iOS/Android),10/9/2002,User,
660bc6a82e1f83fa6a79fe0e,Darryl,Elden,Emp_463deldencv@scientificamerican.com,1038031189,Emp_463,tB8|4TOCY,Automation Engineer,13-09-2003,User,
660bc6a82e1f83fa6a79fe2d,Isiahi,Ripsher,Emp_494iripsherdq@rediff.com,3175290924,Emp_494,uV5</P2%B|?NA}#,Machine Learning Engineer,9/8/2000,User,
660bc6a82e1f83fa6a79fe2e,Shanna,Hilhouse,Emp_495shilhousedr@latimes.com,9862437084,Emp_495,"nA1{LJ,$6~s",IT Support Engineer,8/2/2005,User,
660bc6a82e1f83fa6a79fc63,Vern,Lauthian,Emp_36vlauthian10@sakura.ne.jp,8063308647,Emp_36,bM3>Z07%/?t,Scrum Master,21-01-2010,User,
660bc6a82e1f83fa6a79fc7b,Jackie,Espinal,Emp_60jespinal1o@xing.com,6364596148,Emp_60,rD5.\BFkux6`f$,Scrum Master,27-11-2009,User,
660bc6a82e1f83fa6a79fc85,Lina,O'Brogan,Emp_70lobrogan1y@cdc.gov,7179104423,Emp_70,uK7~4*9+,DevOps Engineer,24-03-2009,User,
660bc6a82e1f83fa6a79fc97,Gan,Kondratenko,Emp_88gkondratenko2g@ning.com,7524628814,Emp_88,"kT8>y3J3ODgz#k""9",Software Tester,16-08-2009,User,
660bc6a82e1f83fa6a79fcce,Kristofor,Buckney,Emp_143kbuckney3z@sitemeter.com,8997521927,Emp_143,"nP9""qm<S",Network Engineer,24-07-2020,User,
660bc6a82e1f83fa6a79fce0,Jemmie,Ducarel,Emp_161jducarel4h@shareasale.com,8385637850,Emp_161,mD6$ws+*pFp/!,Cloud Solutions Architect,1/8/2014,User,
660bc6a82e1f83fa6a79fce6,Gustavus,Bartrop,Emp_167gbartrop4n@desdev.cn,7229528661,Emp_167,"wM2@""{d$=",Automation Engineer,1/11/2016,User,
660bc6a82e1f83fa6a79fd00,Hayyim,Norcliff,Emp_193hnorcliff5d@hhs.gov,1523145130,Emp_193,"lV4@@bx,w/",Customer Support Engineer,28-08-2019,User,
660bc6a82e1f83fa6a79fd07,Raimondo,Puckham,Emp_200rpuckham5k@virginia.edu,8113338466,Emp_200,zF1/2Tc6@,UI/UX Designer,20-09-2018,User,
660bc6a82e1f83fa6a79fd0c,Trista,Reicharz,Emp_205treicharz5p@addtoany.com,9934364471,Emp_205,tB3'.D4y,Configuration Manager,2/11/2007,User,
660bc6a82e1f83fa6a79fd14,Noah,McEvay,Emp_213nmcevay5x@biblegateway.com,3822218779,Emp_213,vS9%nJsi1$=Uq,Configuration Manager,23-04-2021,User,
660bc6a82e1f83fa6a79fd2b,Latashia,Drysdall,Emp_236ldrysdall6k@devhub.com,3753404802,Emp_236,tX0>~u5W)hF=6Jkd,Technical Architect,14-09-2003,User,
660bc6a82e1f83fa6a79fd44,Scarlet,Wilkin,Emp_261swilkin79@altervista.org,6182101956,Emp_261,xS0'WWlzU,Release Manager,21-04-2010,User,
660bc6a82e1f83fa6a79fd65,Donna,Rive,Emp_294drive86@hp.com,8448855501,Emp_294,aG1*lH3XPNC5ML,Software Engineer,14-03-2002,User,
660bc6a82e1f83fa6a79fd68,Horacio,Roy,Emp_297hroy89@pagesperso-orange.fr,4932835673,Emp_297,vI8~JfMA6_g>QJ,Business Analyst,25-02-2021,User,
660bc6a82e1f83fa6a79fd6e,Caryl,Preddle,Emp_303cpreddle8f@soup.io,4594021841,Emp_303,qJ3*Qq92B,Database Administrator (DBA),24-10-2001,User,
660bc6a82e1f83fa6a79fd77,Anett,Buckney,Emp_312abuckney8o@tuttocitta.it,4134981529,Emp_312,kF4{PeCl,Performance Engineer,19-03-2009,User,
660bc6a82e1f83fa6a79fd82,Curr,Hebditch,Emp_323chebditch8z@symantec.com,2017573205,Emp_323,pG9}/*O@LCM`#,Cloud Solutions Architect,10/8/2010,User,
660bc6a82e1f83fa6a79fd86,Brannon,Cereceres,Emp_327bcereceres93@who.int,7755215117,Emp_327,oT2_tpV6`z856X,Software Tester,2/7/2020,User,
660bc6a82e1f83fa6a79fd97,Guilbert,Jiruca,Emp_344gjiruca9k@forbes.com,4043527375,Emp_344,eL6+@)xN0t@),Quality Assurance Engineer (QA Engineer),18-04-2006,User,
660bc6a82e1f83fa6a79fda7,Woodrow,Dewey,Emp_360wdeweya0@miibeian.gov.cn,8026376763,Emp_360,zM4>4&=tp,Cloud Solutions Architect,25-04-2010,User,
660bc6a82e1f83fa6a79fdbc,Jacintha,Sissland,Emp_381jsisslandal@w3.org,5304660165,Emp_381,oP2!LNls6O_xUZ,Artificial Intelligence Specialist,1/6/2020,User,
660bc6a82e1f83fa6a79fdd0,Hedwig,Twinberrow,Emp_401htwinberrowb5@bbb.org,3779190467,Emp_401,gM2`4i(/m,Configuration Manager,5/7/2003,User,
660bc6a82e1f83fa6a79fde6,Germayne,Othick,Emp_423gothickbr@people.com.cn,4311431073,Emp_423,bM8)a/Z8(gP~jVz,Performance Engineer,1/1/2000,User,
660bc6a82e1f83fa6a79fde8,Prentice,Andersen,Emp_425pandersenbt@psu.edu,7826073052,Emp_425,vI4&J7Ro1C.1,Network Engineer,19-04-2013,User,
660bc6a82e1f83fa6a79fdfb,Yettie,Tock,Emp_444ytockcc@cam.ac.uk,6082384672,Emp_444,kT4=7rE!2#+,Data Scientist,15-12-2022,User,
660bc6a82e1f83fa6a79fdfc,Far,Mustin,Emp_445fmustincd@dropbox.com,5805416435,Emp_445,kP7$!o@>eX,DevOps Engineer,28-09-2008,User,
660bc6a82e1f83fa6a79fe1b,Bud,Cookson,Emp_476bcooksond8@mozilla.org,3775243812,Emp_476,jH9!XYrry4m</tV,Business Analyst,23-12-2013,User,
660bc6a82e1f83fa6a79fc4e,Kerri,Lyfield,Emp_15klyfieldf@hubpages.com,3793816182,Emp_15,"dF5@qL%s""7~",Configuration Manager,15-02-2021,User,
660bc6a82e1f83fa6a79fc4a,Brandtr,Pittaway,Emp_11bpittawayb@github.io,1014515504,Emp_11,"xP6(,4e{P",Automation Engineer,12/4/2013,User,
660bc6a82e1f83fa6a79fc40,Odilia,Hedon,Emp_1ohedon1@shop-pro.jp,3845530753,Emp_1,"gF4,57BN3?0u",Software Engineer,1/5/2005,Approver,
660bc6a82e1f83fa6a79fc57,Margo,Grunson,Emp_24mgrunsono@ihg.com,6889935257,Emp_24,zT5*J\=#0x,Machine Learning Engineer,4/6/2006,User,
660bc6a82e1f83fa6a79fc67,Benedetto,Corriea,Emp_40bcorriea14@storify.com,7951833453,Emp_40,"jH8`6Y\a5w#P,EM",Cloud Solutions Architect,21-04-2013,User,
660bc6a82e1f83fa6a79fc6d,Beverley,Beltzner,Emp_46bbeltzner1a@bbb.org,3733508501,Emp_46,oR0\'NFk)/H,Technical Architect,21-01-2015,User,
660bc6a82e1f83fa6a79fc70,Idalia,Yankin,Emp_49iyankin1d@pen.io,4349671679,Emp_49,fF2$hz<=G,Technical Architect,18-09-2021,User,
660bc6a82e1f83fa6a79fc79,Josefina,Cupper,Emp_58jcupper1m@gov.uk,5564978387,Emp_58,"vT7""6iY>b",Backend Developer,1/1/2016,User,
660bc6a82e1f83fa6a79fc82,Nehemiah,Pyffe,Emp_67npyffe1v@kickstarter.com,8272120011,Emp_67,bK9'_xiS4Q{A~LDn,IT Support Engineer,5/8/2011,User,
660bc6a82e1f83fa6a79fc8f,Rick,Albasiny,Emp_80ralbasiny28@canalblog.com,1499590805,Emp_80,"eN6@@Oqg,4OJ9",Data Scientist,15-02-2004,User,
660bc6a82e1f83fa6a79fc90,Fifi,Wreight,Emp_81fwreight29@wikimedia.org,9093993300,Emp_81,"wO3=b,P{1",Technical Writer (Documentation Specialist),11/2/2006,User,
660bc6a82e1f83fa6a79fc9e,Natassia,Tregonna,Emp_95ntregonna2n@globo.com,4792111386,Emp_95,cR7\#dLRqTCKcR,Agile Coach,30-03-2003,User,
660bc6a82e1f83fa6a79fcdc,Julio,Ackland,Emp_157jackland4d@princeton.edu,3467735507,Emp_157,"oA5,sUEKk",Full-stack Developer,26-04-2018,User,
660bc6a82e1f83fa6a79fce1,Jana,Veldstra,Emp_162jveldstra4i@go.com,9872694651,Emp_162,"wN8,rZ,ZVcJo#@Z",Full-stack Developer,30-07-2021,User,
660bc6a82e1f83fa6a79fce2,Kat,Hastelow,Emp_163khastelow4j@house.gov,6241204676,Emp_163,aL0&h9pqDU}h}o,Technical Architect,3/3/2015,User,
660bc6a82e1f83fa6a79fcf0,Glendon,Danell,Emp_177gdanell4x@illinois.edu,9306199051,Emp_177,pH5(akqyjuK2.h?K,Artificial Intelligence Specialist,12/9/2014,User,
660bc6a82e1f83fa6a79fcf6,Hope,Nern,Emp_183hnern53@npr.org,9999213575,Emp_183,"rW3>NR*TSz""V.}",Mobile App Developer (iOS/Android),23-11-2019,User,
660bc6a82e1f83fa6a79fcff,Saba,Crank,Emp_192scrank5c@google.nl,6903433996,Emp_192,wH6!E(0E4V,Automation Engineer,22-06-2019,User,
660bc6a82e1f83fa6a79fd02,Emmet,Garlic,Emp_195egarlic5f@ezinearticles.com,9412612463,Emp_195,eH8<76bfn!*GD3d\,Product Manager,29-06-2001,User,
660bc6a82e1f83fa6a79fd04,Darn,Gomez,Emp_197dgomez5h@biglobe.ne.jp,5544496240,Emp_197,rH3}5I{jkx9+,Full-stack Developer,21-02-2015,User,
660bc6a82e1f83fa6a79fd08,Geraldine,Antoniades,Emp_201gantoniades5l@goodreads.com,8365267517,Emp_201,jJ5|*aJlq71fYz|,Release Manager,15-05-2002,User,
660bc6a82e1f83fa6a79fd0f,Rasla,Latore,Emp_208rlatore5s@liveinternet.ru,8775677333,Emp_208,jV4(F7WTR\T$,Quality Assurance Engineer (QA Engineer),31-05-2022,User,
660bc6a82e1f83fa6a79fd10,Granville,Bontein,Emp_209gbontein5t@gizmodo.com,3687202551,Emp_209,aK3+~1P.<G,Cloud Solutions Architect,6/10/2018,User,
660bc6a82e1f83fa6a79fd1a,Orbadiah,Thornhill,Emp_219othornhill63@twitter.com,9579687357,Emp_219,oB9(Z!sFPX9D<,Security Engineer,4/3/2002,User,
660bc6a82e1f83fa6a79fd1c,Kelby,Carson,Emp_221kcarson65@sourceforge.net,1099208640,Emp_221,jK1.3h)$5Mh3,Software Engineer,2/11/2002,User,
660bc6a82e1f83fa6a79fd25,Eduard,Raith,Emp_230eraith6e@hugedomains.com,5287878253,Emp_230,aE3}lsn2)2$aE~(,DevOps Engineer,20-11-2007,User,
660bc6a82e1f83fa6a79fd26,Justis,Loosely,Emp_231jloosely6f@zdnet.com,5421778249,Emp_231,"lD4,a*3)(qX",Automation Engineer,4/10/2004,User,
660bc6a82e1f83fa6a79fd3c,Hortense,Barcke,Emp_253hbarcke71@amazonaws.com,3237583135,Emp_253,iN5=vQw>gRK,Security Engineer,9/7/2019,User,
660bc6a82e1f83fa6a79fd3e,Normy,Mangon,Emp_255nmangon73@reddit.com,8559247562,Emp_255,uL8%!0e#N}rr6,Cloud Solutions Architect,5/5/2010,User,
660bc6a82e1f83fa6a79fd4e,Cindi,Bruffell,Emp_271cbruffell7j@photobucket.com,5035347097,Emp_271,gB1&DXRhe|38PKH,DevOps Engineer,13-02-2007,User,
660bc6a82e1f83fa6a79fd50,Joel,Fellos,Emp_273jfellos7l@cnet.com,7128447942,Emp_273,dX6@=Pgop*{,DevOps Engineer,18-06-2003,User,
660bc6a82e1f83fa6a79fd8a,Edna,Price,Emp_331eprice97@google.com,5426519714,Emp_331,xD1}D&ojNK,Database Administrator (DBA),31-08-2018,User,
660bc6a82e1f83fa6a79fd8d,Kissiah,Cayzer,Emp_334kcayzer9a@intel.com,6592165686,Emp_334,jF2~xAkdREj6NMm,Customer Support Engineer,6/12/2013,User,
660bc6a82e1f83fa6a79fd8f,Shaughn,Fakeley,Emp_336sfakeley9c@newsvine.com,7952576434,Emp_336,mY4).82#C,Artificial Intelligence Specialist,30-12-2000,User,
660bc6a82e1f83fa6a79fd90,Kinna,Wedgwood,Emp_337kwedgwood9d@dyndns.org,8064432545,Emp_337,pJ2%8G+uC,Release Manager,29-07-2001,User,
660bc6a82e1f83fa6a79fd93,Bruis,Shepland,Emp_340bshepland9g@narod.ru,3705862963,Emp_340,qZ5<52XdlaxRHr#,Frontend Developer,14-08-2019,User,
660bc6a82e1f83fa6a79fd9d,Keeley,Hackforth,Emp_350khackforth9q@senate.gov,8226484480,Emp_350,vN8|j17Gc,Quality Assurance Engineer (QA Engineer),2/1/2021,User,
660bc6a82e1f83fa6a79fda8,Pieter,Tommis,Emp_361ptommisa1@tinyurl.com,6031180353,Emp_361,bP9(uFc{@g,Customer Support Engineer,14-08-2014,User,
660bc6a82e1f83fa6a79fdb3,Monte,Caren,Emp_372mcarenac@google.nl,7983770672,Emp_372,"gF1}`0aSy,",Business Analyst,4/2/2015,User,
660bc6a82e1f83fa6a79fdb6,Hatti,McCreery,Emp_375hmccreeryaf@freewebs.com,6362868419,Emp_375,nB1)K<Kw,Backend Developer,1/3/2002,User,
660bc6a82e1f83fa6a79fdbb,Nanci,Asaaf,Emp_380nasaafak@gnu.org,8183041677,Emp_380,sN3}RRwS,Machine Learning Engineer,17-03-2005,User,
660bc6a82e1f83fa6a79fdbe,Wake,Ghidini,Emp_383wghidinian@mapquest.com,2988442634,Emp_383,iK0}zO`#oS/I,Configuration Manager,6/8/2012,User,
660bc6a82e1f83fa6a79fdc0,Drud,Dickinson,Emp_385ddickinsonap@columbia.edu,7478743531,Emp_385,gM9?_x`%9N,Technical Writer (Documentation Specialist),23-03-2016,User,
660bc6a82e1f83fa6a79fdc9,Audi,Hodcroft,Emp_394ahodcroftay@wikipedia.org,4017936009,Emp_394,rZ4(j`*.,UI/UX Designer,5/2/2000,User,
660bc6a82e1f83fa6a79fde4,Misha,Nuth,Emp_421mnuthbp@sbwire.com,5105911685,Emp_421,lZ6.VH61m8j),Release Manager,10/9/2018,User,
660bc6a82e1f83fa6a79fded,Cassie,Stiger,Emp_430cstigerby@yandex.ru,1011952166,Emp_430,rC7}8hYtVF!YnRu,Systems Analyst,3/8/2001,User,
660bc6a82e1f83fa6a79fdf1,Cloris,Bissett,Emp_434cbissettc2@lulu.com,5215422830,Emp_434,oQ9|1BD2SR2j@,Full-stack Developer,4/7/2021,User,
660bc6a82e1f83fa6a79fe0c,Erl,Gutcher,Emp_461egutcherct@yelp.com,8247696132,Emp_461,eD2/j9gd@WQG,IT Administrator,30-10-2015,User,
660bc6a82e1f83fa6a79fe10,Yehudi,Scruton,Emp_465yscrutoncx@pen.io,4174671305,Emp_465,cE8~QputH%wyY,Mobile App Developer (iOS/Android),2/3/2000,User,
660bc6a82e1f83fa6a79fc4b,Anne-marie,Benediktovich,Emp_12abenediktovichc@google.fr,7186662318,Emp_12,dS3\xqaeYX_,Mobile App Developer (iOS/Android),17-03-2015,User,
660bc6a82e1f83fa6a79fc58,Daryl,Normanvell,Emp_25dnormanvellp@livejournal.com,5532641525,Emp_25,sT4@D_Ys<MlG,Technical Architect,4/8/2022,User,
660bc6a82e1f83fa6a79fc5e,Martyn,Winckle,Emp_31mwincklev@bigcartel.com,6525333270,Emp_31,xS8>EyS?C.2AdUY,Mobile App Developer (iOS/Android),25-05-2018,User,
660bc6a82e1f83fa6a79fc88,Griffith,Readings,Emp_73greadings21@example.com,8527314489,Emp_73,rG8'cY6M3,Database Administrator (DBA),1/1/2012,User,
660bc6a82e1f83fa6a79fc8d,Nobie,Quidenham,Emp_78nquidenham26@gnu.org,9954362586,Emp_78,hJ8@bvH>$H81OG,Quality Assurance Engineer (QA Engineer),27-07-2007,User,
660bc6a82e1f83fa6a79fc8e,Lisetta,Gallgher,Emp_79lgallgher27@purevolume.com,6982082965,Emp_79,kG0/E=Up`,DevOps Engineer,11/1/2014,User,
660bc6a82e1f83fa6a79fc91,Malva,Yanov,Emp_82myanov2a@icq.com,6206813649,Emp_82,bP6|UTy2#,UI/UX Designer,13-03-2013,User,
660bc6a82e1f83fa6a79fca4,Hamel,Hassur,Emp_101hhassur2t@si.edu,6651266777,Emp_101,kJ9!Ntw_C,Quality Assurance Engineer (QA Engineer),13-05-2021,User,
660bc6a82e1f83fa6a79fca8,Marline,Zannotti,Emp_105mzannotti2x@vistaprint.com,2859378962,Emp_105,lV4}.D!5,Automation Engineer,28-05-2000,User,
660bc6a82e1f83fa6a79fca9,Sammy,Ferrario,Emp_106sferrario2y@abc.net.au,2591689008,Emp_106,tE1&sos><Y?,Network Engineer,22-05-2009,User,
660bc6a82e1f83fa6a79fcad,Homere,Kemell,Emp_110hkemell32@latimes.com,4876262374,Emp_110,cP1%V/HnK21ySG,Frontend Developer,2/5/2008,User,
660bc6a82e1f83fa6a79fcbc,Kassandra,Renals,Emp_125krenals3h@last.fm,5024081948,Emp_125,vB0%As5l382|),Database Administrator (DBA),22-09-2011,User,
660bc6a82e1f83fa6a79fcbd,Edna,Gligoraci,Emp_126egligoraci3i@nhs.uk,9028728503,Emp_126,lF8_.#b+j~).Q<Z,Backend Developer,24-01-2006,User,
660bc6a82e1f83fa6a79fce8,Don,Breckell,Emp_169dbreckell4p@skype.com,8033980105,Emp_169,yU8$?e|K!Sn}Q/F,Quality Assurance Engineer (QA Engineer),22-08-2003,User,
660bc6a82e1f83fa6a79fcf5,Ulberto,Wenban,Emp_182uwenban52@wikispaces.com,6644464820,Emp_182,"uG1\EjYaVk42""xTG",Artificial Intelligence Specialist,25-10-2021,User,
660bc6a82e1f83fa6a79fcfb,Gertrudis,Smail,Emp_188gsmail58@aboutads.info,6459327639,Emp_188,cG4%rKjAW*8,Quality Assurance Engineer (QA Engineer),10/10/2022,User,
660bc6a82e1f83fa6a79fd1b,Orrin,Gehringer,Emp_220ogehringer64@census.gov,4719734296,Emp_220,pR5}leIc,Machine Learning Engineer,5/11/2003,User,
660bc6a82e1f83fa6a79fd2d,Bourke,Osgodby,Emp_238bosgodby6m@techcrunch.com,6827496692,Emp_238,lX6`$_rj*YI*&,Data Scientist,11/2/2010,User,
660bc6a82e1f83fa6a79fd72,Angelo,Standing,Emp_307astanding8j@shop-pro.jp,3064047596,Emp_307,"bE5!""/eM{@t",Business Analyst,28-08-2006,User,
660bc6a82e1f83fa6a79fd7e,Sibella,Gotecliffe,Emp_319sgotecliffe8v@cdbaby.com,6019416417,Emp_319,jQ2&%H=mX4/,Data Scientist,26-05-2009,User,
660bc6a82e1f83fa6a79fd80,Theodora,Zellick,Emp_321tzellick8x@comsenz.com,9727387433,Emp_321,pE1#alBXqt2$2yO,Cloud Solutions Architect,5/4/2013,User,
660bc6a82e1f83fa6a79fd81,Wilona,Aaron,Emp_322waaron8y@shop-pro.jp,9834785077,Emp_322,oE9\P&R_b1(,Data Scientist,16-02-2002,User,
660bc6a82e1f83fa6a79fd99,Free,Leafe,Emp_346fleafe9m@de.vu,9841294190,Emp_346,zU4(Pxo%%,Technical Writer (Documentation Specialist),23-01-2003,User,
660bc6a82e1f83fa6a79fdb4,Nefen,Shaves,Emp_373nshavesad@ovh.net,9882900434,Emp_373,hE6$c>e`aZ6,Mobile App Developer (iOS/Android),16-05-2015,User,
660bc6a82e1f83fa6a79fdbf,Christan,Farlam,Emp_384cfarlamao@icq.com,5281582518,Emp_384,xU2!Hiit=Kl</,Technical Writer (Documentation Specialist),27-10-2002,User,
660bc6a82e1f83fa6a79fde7,Udale,Dutson,Emp_424udutsonbs@thetimes.co.uk,4073070054,Emp_424,aM5/(Y\_8)HX,Database Administrator (DBA),30-12-2017,User,
660bc6a82e1f83fa6a79fe0d,Francklyn,Fairs,Emp_462ffairscu@i2i.jp,2191886889,Emp_462,xK4}=ilB,Artificial Intelligence Specialist,31-12-2008,User,
660bc6a82e1f83fa6a79fe13,Philipa,Sonier,Emp_468psonierd0@discuz.net,6557098597,Emp_468,rD4=i2SNkM!Gg,Automation Engineer,13-06-2000,User,
660bc6a82e1f83fa6a79fe15,Aubrey,Pimm,Emp_470apimmd2@yellowbook.com,3468326088,Emp_470,pJ0~5=189=Ff'q,Agile Coach,23-07-2022,User,
660bc6a82e1f83fa6a79fe20,Leanna,Gallahar,Emp_481lgallahardd@weibo.com,5114338407,Emp_481,bQ9}m3CtNH|,Configuration Manager,23-10-2022,User,
660bc6a82e1f83fa6a79fc52,Hercules,Esby,Emp_19hesbyj@noaa.gov,8786850893,Emp_19,jS1(g1n}2,Automation Engineer,7/8/2004,User,
660bc6a82e1f83fa6a79fc5f,Thaine,Harpin,Emp_32tharpinw@rakuten.co.jp,6591795162,Emp_32,"xG7'2?RtFMQ)%Fr,",Business Analyst,6/3/2012,User,
660bc6a82e1f83fa6a79fc60,Tymothy,Mascall,Emp_33tmascallx@pbs.org,6515561979,Emp_33,dJ6~VFRxF,Product Manager,15-12-2003,User,
660bc6a82e1f83fa6a79fc64,Giuditta,Huet,Emp_37ghuet11@about.me,3408819568,Emp_37,"dU2+GxM"".wJ/K'",Product Manager,1/5/2016,User,
660bc6a82e1f83fa6a79fc69,Rhianna,Inde,Emp_42rinde16@google.ru,8671328188,Emp_42,mX5.nRV,Systems Analyst,29-10-2016,User,
660bc6a82e1f83fa6a79fc72,Marjory,Gilloran,Emp_51mgilloran1f@chronoengine.com,6506795194,Emp_51,"lE7""ww1dZo",Systems Analyst,1/8/2006,User,
660bc6a82e1f83fa6a79fc74,Cilka,Uman,Emp_53cuman1h@ftc.gov,1371815902,Emp_53,"hE7""o>*Q?KdU",Security Engineer,4/10/2019,User,
660bc6a82e1f83fa6a79fc89,Keary,Tuson,Emp_74ktuson22@nationalgeographic.com,1509613386,Emp_74,fN5\hq9|?_,IT Support Engineer,27-06-2014,User,
660bc6a82e1f83fa6a79fcb1,Frederich,Rief,Emp_114frief36@webeden.co.uk,5353540190,Emp_114,vP8\|Qpx7$,Frontend Developer,22-03-2001,User,
660bc6a82e1f83fa6a79fcb9,Angel,Sorrell,Emp_122asorrell3e@reverbnation.com,7803108083,Emp_122,gU1#zUTb,Network Engineer,31-08-2014,User,
660bc6a82e1f83fa6a79fcc3,Lexy,Chatan,Emp_132lchatan3o@sun.com,8896633901,Emp_132,jZ9)Mvm>BRET*bIJ,Systems Analyst,23-08-2016,User,
660bc6a82e1f83fa6a79fcd1,Gabrila,Robilart,Emp_146grobilart42@desdev.cn,1363938112,Emp_146,mB3`pprugDN!6,Technical Architect,24-08-2006,User,
660bc6a82e1f83fa6a79fcd3,Audie,Sybbe,Emp_148asybbe44@google.com,4862644871,Emp_148,nA4.|W4|,Scrum Master,11/3/2000,User,
660bc6a82e1f83fa6a79fcdd,Wit,Le Strange,Emp_158wlestrange4e@gizmodo.com,3578083977,Emp_158,dC2'iC7G75ZM1,Technical Writer (Documentation Specialist),22-12-2001,User,
660bc6a82e1f83fa6a79fce3,Alberto,Hazzard,Emp_164ahazzard4k@vistaprint.com,2008393230,Emp_164,tV4_s*ks\Vq,IT Support Engineer,20-07-2007,User,
660bc6a82e1f83fa6a79fd2f,Michaelina,Coye,Emp_240mcoye6o@nationalgeographic.com,7005445660,Emp_240,mK1>qo9x=&>dWK,UI/UX Designer,30-05-2006,User,
660bc6a82e1f83fa6a79fd32,Farica,Beart,Emp_243fbeart6r@yellowbook.com,5876850335,Emp_243,hP6)cGtl#h{,IT Administrator,16-06-2001,User,
660bc6a82e1f83fa6a79fd45,Web,Annice,Emp_262wannice7a@tinyurl.com,1205838523,Emp_262,xA4_St@s)U&4,Software Tester,17-03-2008,User,
660bc6a82e1f83fa6a79fd46,Fiorenze,Portingale,Emp_263fportingale7b@wix.com,2543087204,Emp_263,rH7+/jt7/b(,IT Support Engineer,26-07-2007,User,
660bc6a82e1f83fa6a79fd60,Ivonne,Huntington,Emp_289ihuntington81@ibm.com,6626562679,Emp_289,xW0%md=`=j7g&(20,Mobile App Developer (iOS/Android),14-12-2006,User,
660bc6a82e1f83fa6a79fd6f,Tally,Hegge,Emp_304thegge8g@unicef.org,5373546308,Emp_304,sF3(!puMZ\,Automation Engineer,11/2/2014,User,
660bc6a82e1f83fa6a79fda0,Sile,Huggard,Emp_353shuggard9t@quantcast.com,5369346511,Emp_353,"yX8~Q""($v0d1Ib",Software Tester,14-03-2005,User,
660bc6a82e1f83fa6a79fdad,Bernadine,Maciaszek,Emp_366bmaciaszeka6@toplist.cz,2179288333,Emp_366,"gO9,B}lv%axhY?T%",Technical Writer (Documentation Specialist),28-07-2022,User,
660bc6a82e1f83fa6a79fdc5,Lombard,Crosetto,Emp_390lcrosettoau@abc.net.au,4026003086,Emp_390,"sJ7|b,!Nm!s4MZ",Performance Engineer,2/9/2018,User,
660bc6a82e1f83fa6a79fdce,Jeffry,Aberdalgy,Emp_399jaberdalgyb3@nsw.gov.au,7088854414,Emp_399,jC7{xLk(D,Frontend Developer,26-05-2004,User,
660bc6a82e1f83fa6a79fdde,Lindi,Mewett,Emp_415lmewettbj@uiuc.edu,8582868120,Emp_415,xA1>0pn|D,Network Engineer,23-08-2017,User,
660bc6a82e1f83fa6a79fdee,Coraline,Morshead,Emp_431cmorsheadbz@multiply.com,7635565058,Emp_431,"xP8,qgM#VH",Backend Developer,31-07-2021,User,
660bc6a82e1f83fa6a79fdf5,Wenonah,Wearing,Emp_438wwearingc6@whitehouse.gov,8242572426,Emp_438,oI6>`3zc7&,Full-stack Developer,2/11/2020,User,
660bc6a82e1f83fa6a79fe08,Leena,McFadyen,Emp_457lmcfadyencp@51.la,3883596884,Emp_457,"mF4?4,tM&r%+}",Product Manager,8/6/2002,User,
660bc6a82e1f83fa6a79fe14,Temple,Labbez,Emp_469tlabbezd1@acquirethisname.com,1606000743,Emp_469,yV2{#V(6a'@@,Network Engineer,16-11-2006,User,
660bc6a82e1f83fa6a79fe31,Guillema,Fleote,Emp_498gfleotedu@ow.ly,7868466188,Emp_498,gA7+wu.5hh@u,Technical Architect,1/3/2006,User,
660bc6a82e1f83fa6a79fc3f,Anmol,Rana,Emp_0tbeeken0@cmu.edu,5827743058,Emp_0,admin123,Configuration Manager,20-10-2019,Admin,
660bc6a82e1f83fa6a79fc61,Syman,Clamo,Emp_34sclamoy@latimes.com,8394631184,Emp_34,"eA3*pGcC5A,|%o\",Product Manager,26-11-2018,User,
660bc6a82e1f83fa6a79fc65,Celestine,Yegorev,Emp_38cyegorev12@naver.com,8448447764,Emp_38,eP3}*5@(,Data Scientist,17-11-2019,User,
660bc6a82e1f83fa6a79fc73,Orran,Arnaldi,Emp_52oarnaldi1g@abc.net.au,2314946558,Emp_52,kP2!Xb.~+=E8XG,Business Analyst,7/12/2003,User,
660bc6a82e1f83fa6a79fc75,Hilario,Peterkin,Emp_54hpeterkin1i@printfriendly.com,4703729254,Emp_54,"rR0\veW""9",Software Engineer,2/11/2020,User,
660bc6a82e1f83fa6a79fc84,Boony,Bunkle,Emp_69bbunkle1x@godaddy.com,8688878792,Emp_69,jT7!T+>I,Machine Learning Engineer,5/9/2022,User,
660bc6a82e1f83fa6a79fc95,Aurthur,Kitcat,Emp_86akitcat2e@photobucket.com,6603951404,Emp_86,sD7=>Y9QE8,Security Engineer,2/2/2004,User,
660bc6a82e1f83fa6a79fc9b,Terrye,Torra,Emp_92ttorra2k@cnn.com,6782944404,Emp_92,jH1@/nqh4)V4AHN,Systems Analyst,10/1/2009,User,
660bc6a82e1f83fa6a79fca1,Cindelyn,Tomaszczyk,Emp_98ctomaszczyk2q@loc.gov,1707309593,Emp_98,"oK2,Uu>e%AaRjSr",Database Administrator (DBA),27-10-2002,User,
660bc6a82e1f83fa6a79fcaf,Barbi,Danet,Emp_112bdanet34@hubpages.com,7343652714,Emp_112,uN1`IpUV>{{M,Software Engineer,8/6/2005,User,
660bc6a82e1f83fa6a79fcd9,Otis,Beacon,Emp_154obeacon4a@dagondesign.com,6452663951,Emp_154,aO4(gcr>f+PPfR,Database Administrator (DBA),15-04-2012,User,
660bc6a82e1f83fa6a79fcfc,Adena,Binding,Emp_189abinding59@tmall.com,2671028893,Emp_189,sN7?=Tlx<,Mobile App Developer (iOS/Android),13-10-2005,User,
660bc6a82e1f83fa6a79fcfd,Evelina,Reuble,Emp_190ereuble5a@google.co.uk,3331745907,Emp_190,bG1}D&~A,Data Scientist,1/3/2010,User,
660bc6a82e1f83fa6a79fd33,Deeanne,Parrington,Emp_244dparrington6s@usgs.gov,2541703682,Emp_244,oM2|IK~7Q0,DevOps Engineer,28-10-2008,User,
660bc6a82e1f83fa6a79fd47,Allister,Pirozzi,Emp_264apirozzi7c@cbc.ca,7837456603,Emp_264,"vX9.R'hFm74H|,",Backend Developer,27-05-2004,User,
660bc6a82e1f83fa6a79fd49,Tisha,Instone,Emp_266tinstone7e@clickbank.net,2427435395,Emp_266,bI1%vj4ce)@Xq,Scrum Master,2/10/2004,User,
660bc6a82e1f83fa6a79fd52,Kiersten,Hain,Emp_275khain7n@guardian.co.uk,1699651847,Emp_275,jY9=Xy/q,Data Scientist,7/11/2004,User,
660bc6a82e1f83fa6a79fd55,Kaylil,Nelius,Emp_278knelius7q@sina.com.cn,4883048659,Emp_278,qF8#G2~zF<#Tf,Product Manager,16-06-2003,User,
660bc6a82e1f83fa6a79fd5e,Andrew,Leyborne,Emp_287aleyborne7z@oakley.com,6962527390,Emp_287,"gJ4!""tTV",Release Manager,25-12-2022,User,
660bc6a82e1f83fa6a79fd75,Pippa,Knell,Emp_310pknell8m@last.fm,5944326633,Emp_310,mA7`@}nO_Y'SZHHW,Release Manager,18-03-2014,User,
660bc6a82e1f83fa6a79fda5,Rubia,Solesbury,Emp_358rsolesbury9y@alibaba.com,5191371477,Emp_358,oC5#|UOH~H,Database Administrator (DBA),9/9/2018,User,
660bc6a82e1f83fa6a79fdb1,Pippo,Kwietak,Emp_370pkwietakaa@reddit.com,6445012158,Emp_370,zG9(YW%#wz1U<o5,Cloud Solutions Architect,21-01-2013,User,
660bc6a82e1f83fa6a79fdb9,Joyann,Eastby,Emp_378jeastbyai@studiopress.com,9142834180,Emp_378,oS7>n*QxG!!%2,Database Administrator (DBA),20-06-2019,User,
660bc6a82e1f83fa6a79fdc4,Magdalen,Forsey,Emp_389mforseyat@ft.com,3886962930,Emp_389,jS9>*\JCpcpT*8f,Software Tester,21-07-2014,User,
660bc6a82e1f83fa6a79fdca,Cherin,McGarahan,Emp_395cmcgarahanaz@google.nl,6373331165,Emp_395,yF1~._n$(CZT,Systems Analyst,19-06-2015,User,
660bc6a82e1f83fa6a79fdd8,Noe,Blamires,Emp_409nblamiresbd@paypal.com,3178217377,Emp_409,"tS5+'J6""B.",Software Tester,2/9/2016,User,
660bc6a82e1f83fa6a79fde1,Dian,Fattore,Emp_418dfattorebm@wikipedia.org,4403659693,Emp_418,xZ0<==?Q.a_*>\,Software Engineer,25-07-2001,User,
660bc6a82e1f83fa6a79fdf7,Basil,Finders,Emp_440bfindersc8@wikia.com,8187166670,Emp_440,xU2|jlnakf6#,Release Manager,9/11/2020,User,
660bc6a82e1f83fa6a79fe05,Pedro,Tewkesbury,Emp_454ptewkesburycm@businessinsider.com,1111892231,Emp_454,tW3{P=)zR&*ma,Release Manager,7/10/2006,User,
660bc6a82e1f83fa6a79fe16,Fedora,McCome,Emp_471fmccomed3@accuweather.com,5589174000,Emp_471,qF0~ufHg,Scrum Master,5/6/2003,User,
660bc6a82e1f83fa6a79fe2c,Nichol,Kenewel,Emp_493nkeneweldp@phpbb.com,9574440100,Emp_493,"bP8""ux<1",Systems Analyst,13-09-2017,User,
660bc6a82e1f83fa6a79fc5c,Robinet,Maskew,Emp_29rmaskewt@xing.com,4226628569,Emp_29,cA7$n(cuQ,Full-stack Developer,16-03-2020,User,
660bc6a82e1f83fa6a79fc6e,Christophorus,Lodovichi,Emp_47clodovichi1b@exblog.jp,2891754285,Emp_47,mS0}\2}ay82P8,Configuration Manager,29-06-2021,User,
660bc6a82e1f83fa6a79fc86,Isa,Munkley,Emp_71imunkley1z@opensource.org,6199205687,Emp_71,mN4/Ut`AQgCZB,Frontend Developer,13-05-2020,User,
660bc6a82e1f83fa6a79fc93,Ewan,Pudding,Emp_84epudding2c@flickr.com,8445527545,Emp_84,uH0(mS@(oR0t_(.d,Customer Support Engineer,16-01-2009,User,
660bc6a82e1f83fa6a79fc99,Miles,Hartlebury,Emp_90mhartlebury2i@bravesites.com,1262802941,Emp_90,fW7&lnt=`T0,Business Analyst,1/11/2004,User,
660bc6a82e1f83fa6a79fcae,Geri,Crackel,Emp_111gcrackel33@quantcast.com,5233119264,Emp_111,aZ7)5{!),Technical Writer (Documentation Specialist),21-02-2015,User,
660bc6a82e1f83fa6a79fcb4,Violet,Rougier,Emp_117vrougier39@nymag.com,8072039298,Emp_117,aU5/pQl8+D,DevOps Engineer,4/11/2019,User,
660bc6a82e1f83fa6a79fcb5,Lucius,Wisson,Emp_118lwisson3a@wikipedia.org,8721579710,Emp_118,uS6'.kIy1+u9EIQQ,Product Manager,2/2/2004,User,
660bc6a82e1f83fa6a79fcb6,Mathew,Hainsworth,Emp_119mhainsworth3b@histats.com,6828205044,Emp_119,hI2@gKG6IF{,Backend Developer,20-01-2011,User,
660bc6a82e1f83fa6a79fcbb,Gibby,Ozintsev,Emp_124gozintsev3g@deliciousdays.com,3376901051,Emp_124,"mE7\a?H|A=YZ,=WX",IT Administrator,9/11/2022,User,
660bc6a82e1f83fa6a79fccc,Nathalie,Pettie,Emp_141npettie3x@gnu.org,8244919037,Emp_141,tC1=wMIWe\G,Cloud Solutions Architect,26-12-2007,User,
660bc6a82e1f83fa6a79fcd0,Cherrita,Belsham,Emp_145cbelsham41@creativecommons.org,5034846834,Emp_145,eX0'X_l!7<D#t,Mobile App Developer (iOS/Android),13-01-2010,User,
660bc6a82e1f83fa6a79fcd5,Talbot,Joslin,Emp_150tjoslin46@prlog.org,9819545807,Emp_150,rC2#X3%?Zwh*|,Cloud Solutions Architect,26-02-2021,User,
660bc6a82e1f83fa6a79fcda,Roanna,Hedgeley,Emp_155rhedgeley4b@jigsy.com,9926687012,Emp_155,"pM2,T(Uw~x",Automation Engineer,19-04-2020,User,
660bc6a82e1f83fa6a79fcec,Sallyanne,Leamon,Emp_173sleamon4t@usgs.gov,5075348893,Emp_173,"uX9,4aXS{X@",Configuration Manager,7/11/2009,User,
660bc6a82e1f83fa6a79fd06,Clarke,Le Teve,Emp_199cleteve5j@a8.net,9239150178,Emp_199,"sI2!nIdXt=kUA7L,",Performance Engineer,2/9/2011,User,
660bc6a82e1f83fa6a79fd0b,Rudiger,Worsam,Emp_204rworsam5o@theguardian.com,1893856307,Emp_204,wB5>TY`HDlg',Frontend Developer,12/12/2022,User,
660bc6a82e1f83fa6a79fd13,Debra,Durrand,Emp_212ddurrand5w@e-recht24.de,7304535755,Emp_212,oZ0+Gym3xgEM8r?,Business Analyst,4/1/2010,User,
660bc6a82e1f83fa6a79fd20,Brennen,Olivo,Emp_225bolivo69@over-blog.com,6697123412,Emp_225,sB4'h*o!xU&k1l|c,Technical Architect,23-07-2001,User,
660bc6a82e1f83fa6a79fd21,Holly,Hallwell,Emp_226hhallwell6a@printfriendly.com,3728579594,Emp_226,eJ5{<L/h?>3}G,Business Analyst,14-02-2003,User,
660bc6a82e1f83fa6a79fd24,Janeta,Idell,Emp_229jidell6d@g.co,5113271868,Emp_229,"rQ7(s*5.S,b`",Machine Learning Engineer,4/6/2020,User,
660bc6a82e1f83fa6a79fd2c,Eugenie,Clinnick,Emp_237eclinnick6l@google.co.uk,9733679135,Emp_237,xC5}l$\DEybd,Database Administrator (DBA),27-06-2014,User,
660bc6a82e1f83fa6a79fd3d,Julie,O'Rudden,Emp_254jorudden72@drupal.org,3611193143,Emp_254,jL1+p9F2~g\W(jQK,Performance Engineer,19-12-2014,User,
660bc6a82e1f83fa6a79fd43,Muriel,Brackenridge,Emp_260mbrackenridge78@1688.com,1327949740,Emp_260,"wV3(\NgJ$""_G(Q=O",Business Analyst,17-01-2010,User,
660bc6a82e1f83fa6a79fd5f,Richy,Crumley,Emp_288rcrumley80@last.fm,3969135051,Emp_288,eI2=L1zjcRT,Artificial Intelligence Specialist,9/4/2018,User,
660bc6a82e1f83fa6a79fd64,Ryley,Knowlden,Emp_293rknowlden85@adobe.com,2688534331,Emp_293,mS8*OXm}2>l(1,Product Manager,25-01-2012,User,
660bc6a82e1f83fa6a79fd67,Galven,Kelcher,Emp_296gkelcher88@people.com.cn,3611677200,Emp_296,yY7|{|2Qsqh,Cloud Solutions Architect,14-10-2009,User,
660bc6a82e1f83fa6a79fd87,Elmore,Pegler,Emp_328epegler94@si.edu,7672699144,Emp_328,qQ3!nc\>|,Full-stack Developer,5/8/2014,User,
660bc6a82e1f83fa6a79fd89,Hobie,Major,Emp_330hmajor96@delicious.com,1384321879,Emp_330,oH4}GcKs0!lOq|,Release Manager,7/8/2018,User,
660bc6a82e1f83fa6a79fd92,Hussein,Swait,Emp_339hswait9f@nbcnews.com,9528902024,Emp_339,zX2#=h6Q9@~?Y,Backend Developer,1/5/2014,User,
660bc6a82e1f83fa6a79fda1,Cornela,Ballham,Emp_354cballham9u@sitemeter.com,6785043054,Emp_354,kY3&Ayvh_t0S}Me,Automation Engineer,26-09-2000,User,
660bc6a82e1f83fa6a79fdac,Gregorio,Zanussii,Emp_365gzanussiia5@github.com,1074039080,Emp_365,fH9~fr?du4rLk,IT Administrator,21-04-2018,User,
660bc6a82e1f83fa6a79fdb2,Maia,Sempill,Emp_371msempillab@tumblr.com,7901444209,Emp_371,"nT2""FiHDnb3d",Software Tester,1/1/2007,User,
660bc6a82e1f83fa6a79fdb5,Elenore,Allmann,Emp_374eallmannae@ed.gov,2787148676,Emp_374,vW9|$HsoJ,DevOps Engineer,2/11/2004,User,
660bc6a82e1f83fa6a79fdb7,Della,McEwen,Emp_376dmcewenag@oakley.com,2263093074,Emp_376,eS3!/c`|wsKe,Cloud Solutions Architect,25-02-2004,User,
660bc6a82e1f83fa6a79fddf,Caron,Rotte,Emp_416crottebk@princeton.edu,1771561337,Emp_416,"pN2""$Z{9@5M*~~!",Software Tester,17-10-2010,User,
660bc6a82e1f83fa6a79fdf9,De witt,Pressey,Emp_442dpresseyca@columbia.edu,3017252266,Emp_442,mB3}F*(`81g!nLk,Backend Developer,6/3/2018,User,
660bc6a82e1f83fa6a79fe03,Tadd,Shouler,Emp_452tshoulerck@hatena.ne.jp,8567056793,Emp_452,"bZ6{xaW%,|.0GdTP",Full-stack Developer,24-01-2013,User,
660bc6a82e1f83fa6a79fe0a,Barny,Dollin,Emp_459bdollincr@nifty.com,9964967097,Emp_459,"eU4'Sz&kIQ\,'?<",Systems Analyst,6/8/2009,User,
660bc6a82e1f83fa6a79fe1f,Valle,Mithan,Emp_480vmithandc@loc.gov,8293577176,Emp_480,dH4)$w?9K,Business Analyst,19-09-2002,User,
660bc6a82e1f83fa6a79fc42,Lynnelle,Pigeon,Emp_3lpigeon3@toplist.cz,9595710898,Emp_3,sX2>j*t~Oab+j6,Frontend Developer,12/2/2003,User,
660bc6a82e1f83fa6a79fc48,Seth,Mitchenson,Emp_9smitchenson9@rambler.ru,8959477378,Emp_9,sX4?Hf6a6l+_,Security Engineer,12/7/2008,User,
660bc6a82e1f83fa6a79fc9a,Ives,Uzzell,Emp_91iuzzell2j@baidu.com,4913391565,Emp_91,kT4/l`6k3W6/K,Systems Analyst,19-01-2000,User,
660bc6a82e1f83fa6a79fcab,Niko,Whimpenny,Emp_108nwhimpenny30@paginegialle.it,5876596145,Emp_108,nD9!Gtm$`L,Software Tester,27-10-2000,User,
660bc6a82e1f83fa6a79fcac,Claybourne,Nobles,Emp_109cnobles31@sciencedaily.com,5162326030,Emp_109,tN3*#oZV@A0O<,Release Manager,9/3/2005,User,
660bc6a82e1f83fa6a79fcb7,Evangelia,Shepherd,Emp_120eshepherd3c@walmart.com,3831942188,Emp_120,"yF1&+8,rde_`kO",Machine Learning Engineer,6/12/2017,User,
660bc6a82e1f83fa6a79fcdb,Aurie,Leynton,Emp_156aleynton4c@addthis.com,2007424994,Emp_156,"wI7|x7Zx""$Ja`",Artificial Intelligence Specialist,31-07-2010,User,
660bc6a82e1f83fa6a79fce7,Eduard,Schoffler,Emp_168eschoffler4o@army.mil,8461659188,Emp_168,xU1*frCC'Y!+6X5,Performance Engineer,16-09-2003,User,
660bc6a82e1f83fa6a79fd05,Betteann,Schumacher,Emp_198bschumacher5i@trellian.com,5391711232,Emp_198,rL3{@>}d|,Agile Coach,3/6/2000,User,
660bc6a82e1f83fa6a79fd0d,Corri,Gilchriest,Emp_206cgilchriest5q@who.int,6187615807,Emp_206,lL2?J&fpGt@+HjC,Technical Architect,10/4/2020,User,
660bc6a82e1f83fa6a79fd12,Rochelle,Cockran,Emp_211rcockran5v@accuweather.com,3775264650,Emp_211,qF9{D&I*V=N~,Data Scientist,19-04-2019,User,
660bc6a82e1f83fa6a79fd1e,Alissa,Acomb,Emp_223aacomb67@cisco.com,3394516183,Emp_223,"bY4,ZKh7*",Software Engineer,7/2/2017,User,
660bc6a82e1f83fa6a79fd28,Glen,Haddeston,Emp_233ghaddeston6h@mapquest.com,1198660257,Emp_233,lA2<{%'bJ,Systems Analyst,30-10-2021,User,
660bc6a82e1f83fa6a79fd40,Norry,Dannohl,Emp_257ndannohl75@businesswire.com,5414439599,Emp_257,xK6~H=rv$4U_(H>,Business Analyst,12/9/2001,User,
660bc6a82e1f83fa6a79fd58,Port,Lys,Emp_281plys7t@zdnet.com,4147213395,Emp_281,gZ2!m6mA,IT Support Engineer,15-04-2006,User,
660bc6a82e1f83fa6a79fd61,Wain,Kemsley,Emp_290wkemsley82@ucoz.com,4743277424,Emp_290,jS7&uF$?>UsO,Software Engineer,6/10/2007,User,
660bc6a82e1f83fa6a79fd73,Jolyn,Delgardillo,Emp_308jdelgardillo8k@php.net,9222735077,Emp_308,pB7!t3U2.FP`,Performance Engineer,17-12-2004,User,
660bc6a82e1f83fa6a79fd7c,Issie,Arran,Emp_317iarran8t@fotki.com,3916460002,Emp_317,xR8~5G0CUoF,Software Engineer,8/8/2014,User,
660bc6a82e1f83fa6a79fda2,Ingar,Auchinleck,Emp_355iauchinleck9v@google.es,8558966776,Emp_355,yD4#Qi<}%jz0fZWj,Customer Support Engineer,1/6/2019,User,
660bc6a82e1f83fa6a79fdc2,Cornelius,Brightey,Emp_387cbrighteyar@ucsd.edu,3036865283,Emp_387,"yX8`Ijn+8yM,",UI/UX Designer,7/2/2008,User,
660bc6a82e1f83fa6a79fdc8,Demetri,Scoles,Emp_393dscolesax@google.co.jp,7262045898,Emp_393,eP2|0L>=T?,IT Support Engineer,1/7/2010,User,
660bc6a82e1f83fa6a79fdd1,Ashbey,Lemonnier,Emp_402alemonnierb6@army.mil,3694214991,Emp_402,fP0_(}Vq9C251_),Machine Learning Engineer,15-05-2000,User,
660bc6a82e1f83fa6a79fddb,Oren,Gianiello,Emp_412ogianiellobg@usatoday.com,2095086676,Emp_412,xZ8>X#HB,Database Administrator (DBA),15-11-2010,User,
660bc6a82e1f83fa6a79fdec,Rolfe,Jantel,Emp_429rjantelbx@icio.us,3268819839,Emp_429,"hP1(#+Dm""f!WK",Configuration Manager,16-05-2022,User,
660bc6a82e1f83fa6a79fdef,Carce,Gimenez,Emp_432cgimenezc0@illinois.edu,7878822374,Emp_432,gO8`oSuFWuBD,Customer Support Engineer,27-06-2014,User,
660bc6a82e1f83fa6a79fdff,Alaric,Kendred,Emp_448akendredcg@123-reg.co.uk,4396974441,Emp_448,fW1%@\R+%H,Backend Developer,1/1/2018,User,
660bc6a82e1f83fa6a79fe02,Mandel,Hancorn,Emp_451mhancorncj@businessinsider.com,8586499222,Emp_451,tY9{weHC<~K3yq,Artificial Intelligence Specialist,27-02-2004,User,
660bc6a82e1f83fa6a79fe12,Mel,Blazej,Emp_467mblazejcz@omniture.com,4426160584,Emp_467,"lS3,#NQ'",Software Tester,23-02-2002,User,
660bc6a82e1f83fa6a79fe1a,Winnah,O'Currane,Emp_475wocurraned7@nydailynews.com,7448600014,Emp_475,"aL0?q\""L/m%kmT",Technical Writer (Documentation Specialist),2/1/2019,User,
660bc6a82e1f83fa6a79fe25,Arnuad,Stoter,Emp_486astoterdi@google.co.jp,6948375664,Emp_486,jB4|bmmhLX,Network Engineer,5/7/2014,User,
660bc6a82e1f83fa6a79fc53,Rickie,Goodding,Emp_20rgooddingk@umich.edu,8264936846,Emp_20,oF9(RR@/~gUn=jYg,Artificial Intelligence Specialist,13-10-2020,User,
660bc6a82e1f83fa6a79fc62,Allys,Andric,Emp_35aandricz@dagondesign.com,1224484444,Emp_35,fI8$rE=e,Full-stack Developer,17-02-2009,User,
660bc6a82e1f83fa6a79fc66,Jacklin,Oddey,Emp_39joddey13@berkeley.edu,5827623009,Emp_39,uL9?84CNGwJ,DevOps Engineer,25-11-2002,User,
660bc6a82e1f83fa6a79fc6c,Tabina,Kingsnod,Emp_45tkingsnod19@boston.com,1277540621,Emp_45,rO6<Hsj'%CH4y/ip,IT Support Engineer,26-02-2006,User,
660bc6a82e1f83fa6a79fc7f,Calida,Trenbay,Emp_64ctrenbay1s@gnu.org,8525051673,Emp_64,yH5+!i%.4>Z9,Full-stack Developer,18-04-2008,User,
660bc6a82e1f83fa6a79fc80,Lesya,Brockie,Emp_65lbrockie1t@cbslocal.com,9619380780,Emp_65,"jT3|,_g}Gi<>OFJi",Full-stack Developer,10/7/2002,User,
660bc6a82e1f83fa6a79fc9d,Zitella,Tolemache,Emp_94ztolemache2m@wufoo.com,6313141568,Emp_94,qE0>X5xl,UI/UX Designer,16-03-2021,User,
660bc6a82e1f83fa6a79fca7,Patricia,Mattack,Emp_104pmattack2w@soundcloud.com,6829173314,Emp_104,"tA1%t_Tpg,ncq~1",Data Scientist,27-07-2022,User,
660bc6a82e1f83fa6a79fcb2,Millisent,Lowrance,Emp_115mlowrance37@nih.gov,2037700401,Emp_115,aN1~N/dHvG>sH,Quality Assurance Engineer (QA Engineer),9/4/2017,User,
660bc6a82e1f83fa6a79fcc5,Erroll,Terrey,Emp_134eterrey3q@ebay.co.uk,6956800260,Emp_134,"pP9$}""$TvV&C",Product Manager,21-10-2009,User,
660bc6a82e1f83fa6a79fcc8,Araldo,Herculson,Emp_137aherculson3t@ox.ac.uk,7323567971,Emp_137,"rM3`FO,R",Full-stack Developer,29-10-2019,User,
660bc6a82e1f83fa6a79fcd2,Cora,Camidge,Emp_147ccamidge43@wordpress.org,1354176286,Emp_147,rM9%tBKr`!Q8Sv,Technical Architect,28-12-2003,User,
660bc6a82e1f83fa6a79fcfe,Randall,Haith,Emp_191rhaith5b@independent.co.uk,9496764180,Emp_191,dI7_m+yD&>_l{3,IT Support Engineer,4/11/2015,User,
660bc6a82e1f83fa6a79fd01,Ari,Bassindale,Emp_194abassindale5e@issuu.com,8282291457,Emp_194,oG3#7K$V`lt{,Systems Analyst,19-09-2021,User,
660bc6a82e1f83fa6a79fd09,Theo,Brigman,Emp_202tbrigman5m@networksolutions.com,9215626812,Emp_202,kO2/0#/6,Customer Support Engineer,30-05-2022,User,
660bc6a82e1f83fa6a79fd15,Symon,Mustoo,Emp_214smustoo5y@nbcnews.com,1917000640,Emp_214,mM9}wMe<5kGpK&,Customer Support Engineer,6/5/2008,User,
660bc6a82e1f83fa6a79fd18,Valentine,Keywood,Emp_217vkeywood61@admin.ch,3133374721,Emp_217,"qG2,MkG).2K6Z",Machine Learning Engineer,22-10-2003,User,
660bc6a82e1f83fa6a79fd1d,Avrom,Fermin,Emp_222afermin66@aol.com,2881872110,Emp_222,hP4`qFu}jhD!|>cX,Frontend Developer,7/5/2021,User,
660bc6a82e1f83fa6a79fd27,Ambur,Mannie,Emp_232amannie6g@shop-pro.jp,1355389694,Emp_232,hG5\#f3/_/,Configuration Manager,3/5/2020,User,
660bc6a82e1f83fa6a79fd29,Klarika,Motion,Emp_234kmotion6i@cdbaby.com,1392453821,Emp_234,"qV9!r91V%c3=,!5",Backend Developer,12/7/2021,User,
660bc6a82e1f83fa6a79fd39,Ellis,Blazey,Emp_250eblazey6y@ucoz.ru,7485081569,Emp_250,jJ7>`ei5t,Scrum Master,26-06-2018,User,
660bc6a82e1f83fa6a79fd59,Hube,Stolberg,Emp_282hstolberg7u@bizjournals.com,5647236054,Emp_282,"qD5""gf}5_",Database Administrator (DBA),29-08-2001,User,
660bc6a82e1f83fa6a79fd5a,Yulma,Giacomo,Emp_283ygiacomo7v@marketwatch.com,9743742838,Emp_283,mK8#_G?p,Full-stack Developer,28-08-2004,User,
660bc6a82e1f83fa6a79fd6c,Kermie,O'Hoolahan,Emp_301kohoolahan8d@nbcnews.com,8022281078,Emp_301,"cR6""\n5F_qTL",Machine Learning Engineer,14-01-2006,User,
660bc6a82e1f83fa6a79fd71,Regina,Carriage,Emp_306rcarriage8i@gmpg.org,3322146703,Emp_306,rZ2|q3RQ)FU.5K,UI/UX Designer,17-01-2010,User,
660bc6a82e1f83fa6a79fd83,Arty,de la Valette Parisot,Emp_324adelavaletteparisot90@stanford.edu,5478076782,Emp_324,wD7=M/M$e`zAm.RX,Quality Assurance Engineer (QA Engineer),25-10-2008,User,
660bc6a82e1f83fa6a79fd9f,Reggi,Balaison,Emp_352rbalaison9s@npr.org,6859160733,Emp_352,lG3|&`1M8,Customer Support Engineer,11/11/2008,User,
660bc6a82e1f83fa6a79fdda,Danielle,Josovitz,Emp_411djosovitzbf@marketwatch.com,5769451715,Emp_411,xO1*{yVg,Customer Support Engineer,2/6/2018,User,
660bc6a82e1f83fa6a79fde3,Mada,Donizeau,Emp_420mdonizeaubo@imgur.com,6502762236,Emp_420,uN9%gCL<UO@4U@,Performance Engineer,11/10/2006,User,
660bc6a82e1f83fa6a79fdeb,Antonina,Lewendon,Emp_428alewendonbw@tripod.com,5943019254,Emp_428,rC6=|=.e,Business Analyst,1/7/2019,User,
660bc6a82e1f83fa6a79fdf0,Brenda,Bernardeau,Emp_433bbernardeauc1@salon.com,1508712612,Emp_433,cV3'LZPPYWDgbzva,Automation Engineer,19-03-2018,User,
660bc6a82e1f83fa6a79fdf6,Melonie,Broose,Emp_439mbroosec7@biblegateway.com,5655708492,Emp_439,"gZ5@""gjNt$H81p",UI/UX Designer,18-07-2006,User,
660bc6a82e1f83fa6a79fdfd,Mella,Vance,Emp_446mvancece@mozilla.com,2838256603,Emp_446,dM0'qdGA.MCm(l,Business Analyst,8/4/2004,User,
660bc6a82e1f83fa6a79fe11,Orran,Fayre,Emp_466ofayrecy@delicious.com,2393746381,Emp_466,vZ4~2{FGSjCu,Network Engineer,22-03-2000,User,
660bc6a82e1f83fa6a79fe1c,Ingrid,Huffer,Emp_477ihufferd9@sphinn.com,9729664888,Emp_477,yK8+GllIYD7+HL,Data Scientist,29-06-2015,User,
660bc6a82e1f83fa6a79fe27,Olvan,Ottewell,Emp_488oottewelldk@github.com,3077390806,Emp_488,mL7)642Ni0HpyN,Backend Developer,23-05-2012,User,
660bc6a82e1f83fa6a79fe2a,Carny,Gerault,Emp_491cgeraultdn@statcounter.com,4991713646,Emp_491,fF7?<oOK$m%R.,IT Administrator,21-09-2014,User,
660bc6a82e1f83fa6a79fe2b,Waldon,Funnell,Emp_492wfunnelldo@delicious.com,9354963856,Emp_492,nR8>|sPm4g(r,Frontend Developer,9/3/2015,User,
660e36aa064fc1c43ba7189b,suraj,pokriyal,surajpokhriyal@jmangroup.com,9756878996,Emp_501,psdgSe6T,SD,2024-04-10,User,0
660e36c3064fc1c43ba718a0,suraj,pokriyal,surajpokhriyal@434jmangroup.com,9756878996,Emp_504,psdgSe6T,SD,2024-04-10,User,0
660e36d6064fc1c43ba718a6,suraj,pokriyal,surajpokhriyal@434wrwwwwrjmangroup.com,9756878996,Emp_5044353,psdgSe6T,SD,2024-04-10,User,0
660e37c8abca34c320a29d67,suraj,pokriyal,surasdfsdfsdjpokhriyal@434wrwwwwrjmangroup.com,9756878996,Emp_5044353sdfsdf,psdgSe6T,SD,2024-04-10,User,0
660ed2323f0280ce95191f83,ashish,rana,anmolrana.cs138d959@gmail.com,9634126989,emp_5978,AyK29A4I,hr,2024-04-17,User,0
